cell,wave,slot,record_id,converged,p_feas,pred_f_r,act_f_r,pred_cbc,act_cbc,pred_f_q,act_f_q,pred_cyclen,act_cyclen,pred_ao,act_ao
E1_E2_f117,0,exploit,e4581cbc98dbf508ecccbe2204c762f097d2956c7ed313e98c5608b52f7504e0,True,0.0022,1.7366,1.6875,1280.7342,1274.9,2.0073,2.0807,615.1336,616.656,0.0316,0.0389
E1_E2_f117,0,exploit,5aabf67cb917791ea8e6f1f28e2860a9086548503a95cf85985586553dcdeaa8,True,0.0021,1.7374,1.7663,1211.0519,1202.3,2.0103,2.18,618.4391,616.245,0.0435,0.0456
E1_E2_f117,0,exploit,b74b1553ab5abe074ab8bc27f94a1bb6287d6f072c5358810ed89f6d7caf3778,True,0.0,1.7653,1.6973,1326.0492,1353.97,2.0191,2.1339,619.4001,619.484,0.0313,0.0315
E1_E2_f117,0,exploit,6efbf0f32677f07045acc3f70f5333823e207cefc9bbd801cf7b551b8c1692c5,True,0.0006,1.7618,1.7198,1223.153,1227.66,2.0442,2.2029,619.6446,619.324,0.046,0.0485
E1_E2_f117,0,exploit,237b52fd1a6031a1557f801aa40bc50f29dd239a0bdf7f44ef9aaeb1239872dd,True,0.0006,1.7639,1.7304,1311.8521,1322.81,2.0268,2.2026,619.4953,615.726,0.0291,0.0215
E1_E2_f117,0,explore,2afa79f36d22eaccb0dc116e6374f28d6dcae4513df0f0a4169fb1bc9e8c726c,False,0.0,3.7029,,1483.6253,,4.7308,,609.3622,,0.0403,
E1_E2_f117,0,explore,ec2c2fadad37e7f18bfb79c51fe512fdd24a303d546d5eaf0c4bd166671af70b,False,0.0,3.8165,,1406.2754,,5.1319,,604.7693,,0.0471,
E1_E2_f117,0,control,299ecd996de1ef02573157a8c172a33d2c4270ce059af24d3cca938d67feba9f,True,0.0,2.1064,1.9688,1331.0318,1344.4,2.4799,2.561,607.2835,603.876,0.0472,0.0527
E1_E2_f117,1,exploit,4ea85c635440de75f99ce22e1dc86b71f6faf7889f31b0bb7483e4f238be050d,True,0.0,1.744,1.8731,1224.6113,1179.69,2.0053,2.3749,609.0723,606.933,0.0374,0.0361
E1_E2_f117,1,exploit,3ffa810afe50cf1e26a43e1472d3fd30a84a1a73fcac232bef5c0632d560f8f7,True,0.0,1.7453,1.7132,1349.7162,1335.48,2.0374,2.1732,620.2518,620.632,0.034,0.0267
E1_E2_f117,1,exploit,6d84974e7839f5fc304bcbca1f94598fd3c3ae48adc53c9415f006290c5354d7,True,0.0,1.7533,1.6569,1308.5159,1281.06,2.0312,2.0446,614.132,619.783,0.0384,0.0368
E1_E2_f117,1,exploit,6c388063302417634a3c638b8a7f0948c5b6b5938dacf7d4c0bcbb2b88a228c6,True,0.0,1.7571,1.7763,1331.8144,1305.44,2.0351,2.1972,612.1969,618.921,0.0355,0.0385
E1_E2_f117,1,exploit,ea231655c89b5e1b7b2da7ab4fa3e0f47e3e2739f3bf39d81ae08631bdb45dd3,True,0.0,1.7578,1.7118,1370.3289,1321.37,2.0395,2.0734,617.2541,619.092,0.0351,0.026
E1_E2_f117,1,explore,57bd7a2e6aa3c11a16a59fbd74d70fdea3e9a775439b1a8b5e4b2400b20f8ae6,False,0.0,3.0294,,1370.6272,,3.6132,,615.5515,,0.0349,
E1_E2_f117,1,explore,c24ff24687a562fe380eceab3b5e46858bbe15b50933002af390e0f99a40d7aa,False,0.0,3.7719,,1352.4478,,5.0248,,602.0629,,0.0619,
E1_E2_f117,1,control,2829e44e1eb72e425e7cfb10b9040135ac93f6e46478715853a31b15567f9c0b,True,0.0,2.1768,2.1485,1359.3128,1243.35,2.4745,2.7803,613.8737,604.57,0.0386,0.0502
E1_E2_f117,2,exploit,a99789af7e9d3213c7c4e516dbdd061acaf453537d71a9e684fa9f82f17da4be,True,0.0,1.7101,1.7509,1310.6139,1274.39,1.979,2.1626,616.9276,611.663,0.0401,0.0362
E1_E2_f117,2,exploit,a529fb053cbc106f718dab9ec7fb312c2975e836f9a7b3b8494928da3478df30,True,0.0,1.7207,1.8587,1217.3521,1214.3,2.013,2.301,616.573,612.48,0.0426,0.0417
E1_E2_f117,2,exploit,f78a49242c8ebb0fdf26625faa037c168f0059e41a86f543f0538fe5eced1a47,True,0.0,1.7255,1.7895,1322.0541,1317.05,2.0065,2.2548,616.9915,615.531,0.0388,0.0351
E1_E2_f117,2,exploit,3f21d436177456c07f1b9eb162ac481fca13e1a82f97b94e7f3d5ec45ab8d102,True,0.0,1.7294,1.854,1348.8985,1340.36,1.993,2.3589,618.1115,617.635,0.0381,0.0255
E1_E2_f117,2,exploit,1d699bb5abf5d84378ff18a450a11ebe99cf0a021c2d62d3de7c958d10f98d52,True,0.0,1.7316,1.6785,1324.6453,1307.42,2.0187,2.1116,618.4665,619.011,0.0354,0.036
E1_E2_f117,2,explore,396339e74cd33d532e7d2bc348a2a0e0a7ab882833c24767cb46df161c486770,False,0.0,3.9754,,1354.4501,,5.4007,,604.7691,,0.0528,
E1_E2_f117,2,explore,2d04482f2b7dcdf8dc341ca0575a1ae3cbc09d93cb2e78d2a5837e923ac7d366,False,0.0,3.7934,,1325.9029,,5.1215,,604.7577,,0.0555,
E1_E2_f117,2,control,7f5b0423c4523cbc1a621b22a8ce54a5060f73c182c24cd072ff7f3170342312,True,0.0,1.9958,1.97,1291.9537,1294.39,2.2919,2.5622,612.6948,620.519,0.0407,0.0472
E1_E2_f117,3,exploit,304ad5da241768091a215f852d1ce0195663e974ec7bef87607ae2f5a1749cf9,True,0.0,1.7022,1.7785,1181.5572,1214.9,1.9892,2.2278,610.6213,612.144,0.0404,0.0345
E1_E2_f117,3,exploit,46ef23e5a8486c6311a3be6f5aadec6dc5ed932d1fe3265698859fdff56e6a8a,True,0.0,1.7108,1.8364,1237.6548,1248.31,1.9902,2.2877,614.4584,613.318,0.0387,0.0428
E1_E2_f117,3,exploit,b26d199b182e82b62e4c9a2c12d944373d9273c764be7220f52a9a0c5d77b8ae,True,0.0,1.7198,1.7652,1257.5774,1275.83,2.0043,2.2453,617.7922,617.136,0.0376,0.04
E1_E2_f117,3,exploit,3047bef5bdf823b9a52fc24d027ea6b5360ae5cad07ee109ba8df1f73657270e,True,0.0,1.7239,1.8095,1278.4821,1292.29,1.9995,2.2584,612.0633,616.88,0.0365,0.0334
E1_E2_f117,3,exploit,3ae5c2ef074c726cca6c536018a0c5d4d6e43ede93fc0bdd3cec5482a663e672,True,0.0,1.7266,1.774,1197.4541,1193.95,2.0044,2.2395,615.6208,614.185,0.0447,0.0482
E1_E2_f117,3,explore,41a09b8804679d17f65cfc80389c878e06c0357bd658102965dca0fff155cad5,False,0.0,3.8988,,1363.7865,,5.2901,,607.8496,,0.0576,
E1_E2_f117,3,explore,a26ed7cecdc39ba1e304251e4bac9843cee702d7b8a47ecdab64a61603c3f4f2,False,0.0,3.7787,,1357.5796,,5.1269,,608.1984,,0.0537,
E1_E2_f117,3,control,05d4555d8b63f9a6ca72cf0c70f4a1dbd9db4b51394c7fdf3c673d321959175e,True,0.0,2.0794,1.9444,1341.6634,1370.42,2.4679,2.556,612.0293,613.382,0.0554,0.0555
E1_E2_f117,4,exploit,9a3f386b81effaee241022c4fce3dc8d1fbd44eeeee76537beeea4276cb3ccd6,True,0.0,1.7179,1.7541,1281.9589,1302.35,1.9993,2.2001,619.0364,623.533,0.0411,0.0422
E1_E2_f117,4,exploit,caa0cf6a6850ce283ede7565c8d7b794228ac5c467a65ecbb261bb9ed620ca6e,True,0.0,1.7201,1.6368,1293.4001,1301.98,1.9868,2.0422,616.6321,617.646,0.0362,0.0384
E1_E2_f117,4,exploit,8e4de812f3c87ddb1a815a618439a7805555ecad6ff63617628887aba4de327a,True,0.0,1.7282,1.795,1288.8322,1318.36,2.0015,2.2276,620.5592,624.2,0.0369,0.0319
E1_E2_f117,4,exploit,0ec7623bc81d62bec3533ae507834b897288d72c83c49c37f20ed7dda596be48,True,0.0,1.7431,1.6429,1270.9772,1303.43,2.0084,2.0594,617.4524,622.071,0.0391,0.0343
E1_E2_f117,4,exploit,fc77ae37dda0d06d69dc1fbd929a681f9c737081af4b4f57df21ee0651b910e7,True,0.0,1.7434,1.849,1286.6085,1300.18,2.0301,2.308,617.3267,620.116,0.0349,0.032
E1_E2_f117,4,explore,bce7dc6d5c1b97a3d2e2ee49ebf13ce89f3a8e96aae987e8e005b9de036c83b0,False,0.0,3.8526,,1377.5225,,5.1831,,605.6804,,0.0461,
E1_E2_f117,4,explore,3a2302f7cc7c8813fa0cff1dd57f90a829f91fc63cae373bd912163cc839ec52,False,0.0,3.8984,,1357.8447,,5.2369,,596.4962,,0.0621,
E1_E2_f117,4,control,674dc901a2b4ca2d70f142149a5683037db1aeb655208ac7e011ffb29d339d3f,True,0.0,1.8271,1.7886,1310.7993,1326.12,2.0968,2.2711,616.8017,619.201,0.0352,0.025
E1_E2_f121,0,exploit,f40a4d4c35ee0579afa539c1f64913011d0398a52edbb51508a7654abfe2f630,True,0.0378,1.6071,1.7287,1249.6986,1303.51,2.0667,2.228,625.6959,627.992,0.0353,0.0315
E1_E2_f121,0,exploit,9a6c2bc99d5338e07fff02a8cb66a54da3f000b3037c19bc87be5f154ca6c6ea,True,0.039,1.6067,1.6296,1297.1038,1330.34,2.0491,2.0307,634.156,638.147,0.0324,0.0304
E1_E2_f121,0,exploit,16959a0850c6890ee1f67c0737432e4c3592a4e54ede3eadef57b31200c42b6b,True,0.0235,1.6139,1.7362,1329.6772,1331.4,2.0667,2.1746,636.5956,636.041,0.0313,0.0271
E1_E2_f121,0,exploit,ed424165e0edaa9009acc9b131d3d9e3bf2189a13b7f20073d2dde6b7a691fe3,True,0.0277,1.6116,1.6602,1305.8784,1313.63,2.0562,2.0558,631.2819,632.226,0.0342,0.0372
E1_E2_f121,0,exploit,35bd00074069b3ac707a26146ca96b16207d545fa4a76d7e8080c4353764f038,True,0.0144,1.6203,1.7284,1298.4615,1316.57,2.0589,2.1529,629.7036,629.79,0.0342,0.0323
E1_E2_f121,0,explore,fc3a4ef93d9370e2931a1f1699e9e7dc4fbe21795365237fda07e048ab168c24,True,0.0,3.4379,4.4295,1517.1549,1593.84,5.069,6.6364,621.234,617.361,0.0402,0.0597
E1_E2_f121,0,explore,fe12f687532549a4f8309d9aaad00f0ec02aa109d19dbcab7733439118f8a176,True,0.0,2.007,2.3148,1460.4822,1484.67,2.548,2.9871,632.1119,630.959,0.0284,0.0242
E1_E2_f121,0,control,6092c580b1084d0196848d757c805fd442818df990c6118a9d58c4cdc8a59735,False,0.0,3.5264,,1451.2541,,5.4391,,620.9419,,0.0476,
E1_E2_f121,1,exploit,4f8a893b8ddf2c14f8e647398339f9b655e0393c233f6c8fc64d47ed90ac4e10,True,0.2231,1.5745,1.7587,1388.0143,1411.38,1.9705,2.1788,634.5711,635.981,0.0326,0.0307
E1_E2_f121,1,exploit,9b3edfaab9e364ac416a51134c6b41236f79c5b187969d886a029b6295e35c70,True,0.1596,1.582,1.6881,1356.965,1380.82,1.9764,2.112,631.4707,633.187,0.0325,0.035
E1_E2_f121,1,exploit,ade8ad087688329d44c23f0945adc3ec801f901aa26a2b3109a6c3206bb2d920,True,0.1589,1.5821,1.7367,1389.2634,1400.51,1.9961,2.1636,635.7951,636.619,0.0344,0.0374
E1_E2_f121,1,exploit,674988ecebbe30323842a028cbe7ef8034b65c53185ca6df9053c5e80283e400,True,0.1472,1.5837,1.732,1362.8749,1367.62,2.0012,2.1758,632.6495,635.567,0.0317,0.03
E1_E2_f121,1,exploit,456f674dbc7d4b50a928f39039d3dcd24ec57b0516a0eb63e497c1291f19108a,True,0.1251,1.587,1.8541,1278.5513,1285.42,2.026,2.3644,630.4043,633.689,0.0345,0.0246
E1_E2_f121,1,explore,e175b65e2e2fdf06c0fe947e15ada7542900b93ce6833ade9f2ec80b47281565,False,0.0,3.2123,,1402.1701,,4.6789,,635.8062,,0.0384,
E1_E2_f121,1,explore,4f9482a619bb2fe24154de329f8c8b4959f04b0d9e700b705a77fec87334b9d7,False,0.0,3.2121,,1494.9611,,4.6765,,628.2115,,0.0371,
E1_E2_f121,1,control,025cc1797832dc841c5f5b85300d92a18b1bb85b0ba8470f8da4b1bc8632cfbf,True,0.0,1.9886,1.8771,1346.0081,1329.46,2.5275,2.3597,631.7008,634.105,0.033,0.0382
E1_E2_f121,2,exploit,7278a55459d391adb0030996ad64b3f2cf109e525c5435424a491a6fba4e736f,True,0.103,1.5907,1.7038,1269.8255,1298.8,2.0214,2.1777,631.3106,632.959,0.0313,0.0278
E1_E2_f121,2,exploit,bbb7a4ca7ebe7cf59d01c39006a5dc9a7d74bb4c15431d1adc3c8268d37e9198,True,0.108,1.5898,1.8542,1290.7665,1296.82,2.0432,2.3779,634.8014,634.997,0.0327,0.025
E1_E2_f121,2,exploit,0f6262ceb8808e2f228c0bc86136f4df25f2296fdfb16ca6ce7e401792fb1cdf,True,0.1068,1.59,1.7656,1345.8616,1367.17,2.0282,2.238,638.7974,639.792,0.0269,0.0255
E1_E2_f121,2,exploit,9d0a128b26fd03aaaf2b3bd237a52ad221c0233249538747a8f449dd3e91ba36,True,0.0641,1.5989,1.73,1328.9267,1325.33,2.0435,2.1632,633.4272,631.167,0.032,0.0346
E1_E2_f121,2,exploit,80eb6b1c4d62566c4903c281055051f7f77e9553ed0825e4c45b3d66aef70e52,True,0.0519,1.6023,1.8481,1350.6189,1369.62,2.0272,2.3277,634.7278,631.796,0.0287,0.0275
E1_E2_f121,2,explore,14963020e867aa581d48641929aefb437b27bbd4e4be74d7fbc7b69d7bf6f825,False,0.0,3.1246,,1315.4204,,4.8028,,621.8108,,0.0544,
E1_E2_f121,2,explore,16ccf484ca8c67d9b3e52e644add3af1e8fa37ef1da85ec7283e9cd3724b7267,False,0.0,3.1079,,1358.3617,,4.7463,,626.6746,,0.0467,
E1_E2_f121,2,control,879cb90234281c6041f1c0d0a95cdfe130dc98e9515116756432678b60906ed1,True,0.0,2.3656,3.2206,1439.2917,1427.4,3.0161,4.4235,631.8635,627.709,0.0268,0.0158
E1_E2_f121,3,exploit,4158055decc12d58135f4d220d298e5b6ba627bba7d28ccfb20e05c1787f00f6,True,0.5825,1.5433,1.6381,1198.446,1229.35,1.9671,2.0622,631.4611,628.365,0.0404,0.0435
E1_E2_f121,3,exploit,e6a205fd8e4b73d96c25f63f5fbf6d1012fd8e1bde2e2b88cf2097cffd9afd09,True,0.6803,1.5349,1.7258,1251.7259,1292.04,1.9585,2.1984,631.5415,629.622,0.0407,0.0455
E1_E2_f121,3,exploit,f64b4687f2dae4a16cd0386f072c5723381bf5b21bd95a3e497c3b5bfd4272a9,True,0.5565,1.5454,1.7026,1272.0168,1281.16,1.9758,2.1785,632.4105,631.215,0.0369,0.0408
E1_E2_f121,3,exploit,0904efc3de7ee73659e971d5e72667df101288e44692c4bfa56369f5188558fd,True,0.526,1.5479,1.6968,1260.2867,1285.64,1.9643,2.1609,632.0288,629.778,0.0411,0.0451
E1_E2_f121,3,exploit,f81088b0013804c6d9af7ef74d8599a20cd828c55f3e18d219065727e65df1b0,True,0.5108,1.5491,1.7526,1297.4935,1311.42,1.9952,2.1874,633.9898,633.502,0.0339,0.0386
E1_E2_f121,3,explore,6f1d49f177d52cf7c739d6b66b0513cfe9762da55b3ebb130bbb35fb53ec5612,True,0.2019,1.5768,1.8253,1279.2438,1290.19,2.0396,2.2972,632.2647,630.951,0.0396,0.0395
E1_E2_f121,3,explore,beb27ad550a766c6aa4cf5c1408eb9d1c8b8b6fa06386926f45200b94a1cf5bb,True,0.4145,1.5569,1.7976,1342.0764,1380.16,1.969,2.2625,633.5522,628.904,0.0336,0.0373
E1_E2_f121,3,control,bee5abe49739c1a16bd5184bd92a25412ba38890c3865e71bb7c54d65c28fb3a,True,0.0,1.7593,1.9453,1331.025,1348.66,2.2809,2.5725,631.83,626.759,0.0499,0.0528
E1_E2_f121,4,exploit,63dca88acd19fff061edc86c5a2d9894a15f851310fb017831b1e520bbf76cdd,True,0.4916,1.5507,1.6867,1224.4541,1248.92,1.955,2.091,631.5959,630.394,0.0353,0.0385
E1_E2_f121,4,exploit,7bdaf926d38a17ad3f6866cf64d8b94cbfad1d22dbdf7d1cc9b3b0f791d2ead9,True,0.25,1.5717,1.8059,1283.7666,1339.06,2.0057,2.2991,636.683,641.655,0.0364,0.0369
E1_E2_f121,4,exploit,809a68a8e701652b6bb5e9afb9a057f34262b239701e5f668df4067384cd82c8,True,0.2165,1.5752,1.7683,1292.0934,1331.71,2.0034,2.2307,633.8892,639.329,0.0352,0.0373
E1_E2_f121,4,exploit,22897c1989cd68193da13ebc5365b687eaddaee29b6d298be65dd1918cdbaeb5,True,0.2231,1.5745,1.7121,1263.0075,1310.54,2.0146,2.1628,635.5874,640.095,0.0376,0.0394
E1_E2_f121,4,exploit,a92a61a2e9968ecf4d293ebfcc7b7e44e84ef50177d998f57224feb6c260ff09,True,0.2019,1.5769,1.7047,1237.5053,1261.7,1.9961,2.1298,630.9703,631.849,0.0338,0.0363
E1_E2_f121,4,explore,54ca700ce395da1b47bb518b8640ff757139e9baca399bdebbf06c6766a663dd,True,0.1834,1.579,1.7358,1295.8471,1367.46,2.0055,2.1854,632.7155,633.022,0.0337,0.0312
E1_E2_f121,4,explore,187ffee1429e43f055233bde4dd81eee95030a8adf5ed840aad48f5bfa25d972,True,0.1604,1.5819,1.8768,1291.3164,1328.11,2.011,2.3823,636.6718,640.137,0.0363,0.0368
E1_E2_f121,4,control,ca925b4d1f254a9873d09b4dd63d6fe9cd1f6d98a8e4606bfc39b2af85a47a18,True,0.0,1.9664,2.3121,1278.3583,1332.52,2.5594,3.0507,624.0829,625.337,0.0494,0.0543
E1_E2_f125,0,exploit,bec2cd7d9c0c921ebba8b63e3918acf5a5891aff1a490ce5dc7ca63920c7a321,True,0.0,1.7533,1.7157,1298.0112,1280.45,2.0346,2.1834,639.8832,632.841,0.0368,0.0318
E1_E2_f125,0,exploit,40ef7ad7a45209ba8a7b5619f4e73fd4ab2269b90d11908d78379c780d344297,True,0.0,1.761,1.822,1291.3341,1318.96,2.058,2.3471,637.4436,641.758,0.0344,0.0244
E1_E2_f125,0,exploit,c2632e7d74085b38b9bed47a63ce3147686b3c6d14b1189c7d49006fc6c6b4cd,True,0.0,1.7755,1.8309,1289.53,1311.81,2.0759,2.3621,637.7882,642.013,0.0352,0.0282
E1_E2_f125,0,exploit,d8e5904e8766cf9dfd5c1fa42ff605b320c0442c21961030330e5c1b1b768f8f,True,0.0,1.7799,1.6567,1339.4348,1327.31,2.0591,2.0924,641.2453,644.465,0.0355,0.0315
E1_E2_f125,0,exploit,a0cd4ddbf31d21efa71d396f9fcbecacecf20675bc31558a1d20f008ac3ecf3a,True,0.0,1.7861,1.6821,1263.5148,1227.45,2.084,2.1261,641.437,642.376,0.0414,0.0458
E1_E2_f125,0,explore,bdecbfbc9c7187e35d6b82184836062ba6d9e1fbc9aede0f36943971be5d2f16,True,0.0,3.5207,4.1511,1535.3382,1584.34,4.1973,6.3573,646.0833,646.365,0.0326,0.0454
E1_E2_f125,0,explore,1b3ad7eece323f6b224a96def7e538d8d1626c777a5124d14db0ed7834b3b7e1,False,0.0,3.0036,,1467.3251,,3.5723,,645.9354,,0.0304,
E1_E2_f125,0,control,1273fd453d06e23c56ea65d76d698731f2d98dcbfde9827359c5555829a23c3c,True,0.0,1.9994,2.3518,1285.8392,1266.29,2.3486,3.0992,640.4629,646.075,0.0376,0.0302
E1_E2_f125,1,exploit,4c85b9b0519dfaf1346069b186d3a43f7d98b7abad280a33e954aaee8b32c0c4,True,0.0,1.7339,1.772,1391.6063,1431.14,2.0136,2.2433,647.0078,646.568,0.0356,0.0266
E1_E2_f125,1,exploit,26334b38c656ec35e21391059716174ee3c7d9c393a5838e32bbf921ec3880d9,True,0.0,1.7534,1.8599,1276.9671,1282.07,2.0427,2.3578,638.2739,630.57,0.0379,0.0397
E1_E2_f125,1,exploit,19e17ba50edfcddd56c5b607fabbc7294cc2599349e3882c36217a943d739ead,True,0.0,1.7551,1.5947,1300.2324,1303.52,2.0301,1.9944,639.5718,632.606,0.0299,0.0366
E1_E2_f125,1,exploit,e291c4f7b9d53d98ea068c4fd619a8801f0eb359129d27e10668e87cc1bb5cd4,True,0.0,1.7552,1.7849,1287.2163,1312.45,2.054,2.2714,643.6111,642.958,0.0385,0.0387
E1_E2_f125,1,exploit,a8d6b391771e09d28c540949c8aadd92248746b7c5871b9e377345328b590954,True,0.0,1.762,1.6886,1348.6466,1343.96,2.0311,2.0884,643.6864,643.466,0.0328,0.034
E1_E2_f125,1,explore,8e97614239b7a129c6e974a2dd842b9054c74748ec6bf0bf7207663d81adea8d,False,0.0,3.9305,,1408.3588,,5.1329,,627.3772,,0.0556,
E1_E2_f125,1,explore,f289e0b5e2c762e3e1464aa95e01e1ddac8d44c34a1d8c06893808623c12f129,False,0.0,3.533,,1370.1557,,4.473,,628.321,,0.0665,
E1_E2_f125,1,control,7685e072610e102874809425817eb17512dffedd9e30bbe51ff3fc80c9fba332,False,0.0,2.3981,,1306.3818,,2.7758,,633.5938,,0.0584,
E1_E2_f125,2,exploit,8bcfc6d0b22797588635984dd1c1d973ccc033d554ab7a64fdbb50e4cac4aefe,True,0.0001,1.6712,1.6677,1286.8352,1276.42,1.9282,2.0437,639.0619,632.781,0.0323,0.0376
E1_E2_f125,2,exploit,ca7a796b4ad945aa937d4fad8abf04466ee0b633bb3be461c5165157b7bb8dd5,True,0.0001,1.6722,1.634,1305.6107,1314.15,1.9462,2.0609,642.1876,645.819,0.0321,0.0354
E1_E2_f125,2,exploit,6cf35357799da38949978d54783ae6596390c56febb358e20de8d9d631e4ad35,True,0.0,1.6761,1.6316,1289.4981,1274.97,1.9321,2.0417,639.5041,632.057,0.0331,0.0422
E1_E2_f125,2,exploit,8837d1ddef630fa962a22e24958b22c6e79d8a8bc6b76a80f31d300f73fb3a5d,True,0.0,1.6769,1.6247,1313.8445,1310.6,1.9257,2.0021,638.9276,633.47,0.0319,0.0352
E1_E2_f125,2,exploit,f3bd1b84d78dea96170f543bf4ec6ef503acf91a5fc371bc4c1a4d0ebb1f2b87,True,0.0,1.6805,1.6738,1293.1986,1283.73,1.9428,2.0664,640.8517,635.876,0.032,0.0393
E1_E2_f125,2,explore,4811d70d6f74cf82028562deaf859e551fb68fb95f864a16a1fad755051d3175,False,0.0,3.4418,,1305.0394,,4.4166,,628.2193,,0.0549,
E1_E2_f125,2,explore,a88bbe1ff3fa44efbac564030e32e1257a3531757e92a4a352452db93f59d761,False,0.0,3.6331,,1356.6758,,4.7145,,635.1379,,0.0494,
E1_E2_f125,2,control,554d11aadd81864224c1491a1ebdd251665cd44386a78381fe2532359e36463f,True,0.0,2.1253,2.2979,1424.0967,1460.27,2.4101,3.075,643.9752,648.146,0.0255,0.0456
E1_E2_f125,3,exploit,7781846ec0a6bfcaca3b8b1f49ab1e6aced56e6d7ac7a46f89cc8839537aef7b,True,0.0001,1.675,1.6096,1270.7142,1316.01,1.9433,2.003,639.2203,632.454,0.0334,0.0349
E1_E2_f125,3,exploit,f5a8028d5e0eb36c2852e97a594dbc9ce5d2b31b9a524f724fa6f7ef4ddcd3d0,True,0.0,1.6842,1.6305,1249.397,1271.78,1.9384,2.0474,637.4177,633.723,0.0352,0.0391
E1_E2_f125,3,exploit,829715737cc9dbc55da3e7862b9acbbedabc73b001b5028b731329f6985ec312,True,0.0,1.6858,1.6187,1267.9458,1308.66,1.9519,2.0183,639.4554,631.771,0.0341,0.0357
E1_E2_f125,3,exploit,0d4589d34b2ba38271f2939907c9dc3fd92577c29a3a8af99166a47167d34ecd,True,0.0,1.6873,1.625,1270.5386,1304.95,1.9511,2.007,638.6659,635.582,0.0356,0.0347
E1_E2_f125,3,exploit,c808e72379f59f5ead678e2faa46978a870e7f3d5458fc771c724a554e47272f,True,0.0,1.6884,1.649,1267.2828,1297.17,1.9527,2.0908,638.7188,633.285,0.036,0.0374
E1_E2_f125,3,explore,f6f80082e6ccf92f7373763fd49fc4d6ffbbe74ef732df969acaf7d725207ee8,False,0.0,3.6502,,1331.2484,,4.7589,,625.5694,,0.0607,
E1_E2_f125,3,explore,b94de89dfc117e78b386ccfe375ca897b8d774c92c2f7a920cc9d263f0c58f60,False,0.0,3.5288,,1352.1871,,4.5419,,624.7284,,0.0609,
E1_E2_f125,3,control,9cfc30336e9f880d95656e165ce79a316375b97919aad475022e3795fc42646b,True,0.0,2.2926,2.3442,1300.6529,1296.44,2.6521,3.1951,629.1298,620.202,0.0546,0.076
J1_J2_f117,0,exploit,7fc20a2397323f1f71a4bd99203ec7f6cf203c79ea40e89641143a37b642a9d7,True,0.27,1.5877,1.6999,1225.3218,1191.05,1.9501,2.1282,620.5942,618.699,0.044,0.0435
J1_J2_f117,0,exploit,2aa6b0cfc77da3c6669ed2d7fc6c87967ac24fb1d2b25afda72c9ce08e4a0e8c,True,0.2293,1.5962,1.708,1230.9768,1208.54,1.962,2.1653,620.1413,619.883,0.0445,0.0492
J1_J2_f117,0,exploit,ff4558f667de34ad28ca1b617af4aa59974ad3dde83b07b0a62bdbb90a09fe29,True,0.1995,1.6029,1.7474,1239.797,1216.1,1.971,2.2078,620.4232,608.322,0.0431,0.0419
J1_J2_f117,0,exploit,5a8714eea8fd1e94479223ffe7d9057fc74da96ccc76d6ff9cc211792dc6b8df,True,0.0163,1.6179,1.6639,1238.4768,1220.18,1.9891,2.0771,620.329,618.017,0.0459,0.0442
J1_J2_f117,0,exploit,f2fcf3b688bd468483305320c11b153eedcf0a015c48a5fefdebc56aa53c659a,True,0.1798,1.6098,1.7426,1283.7805,1256.63,1.9697,2.2071,619.797,613.76,0.0384,0.0398
J1_J2_f117,0,explore,68bf0e85bb6cf72cdb51fb36bd637c5b2b9c2d336f688daf7ec5c6438a07dd92,True,0.0,3.884,3.4758,1329.7423,1324.02,4.2152,5.3093,609.522,609.384,0.0534,0.0722
J1_J2_f117,0,explore,2e75f9fc39c0abea64f6a14698dbce7a7c8196fd847f99160d07c15b38d176ad,True,0.0,2.576,2.2728,1274.0381,1247.11,2.9056,3.1648,598.2403,593.972,0.0814,0.1004
J1_J2_f117,0,control,1c19d77df7f3f0bf860e21ca059c2a2dbf55979946e894b574d38893cf3b2414,True,0.0,1.8351,1.9421,1295.3749,1259.99,2.1816,2.4973,620.6205,612.845,0.0431,0.0451
J1_J2_f117,1,exploit,f9d71ac8ca9e3d2d6823c5d1e6d7f36e9b8e8be6caf6d456f013fbfd03f91877,True,0.1537,1.5828,1.6335,1280.1865,1250.99,1.9711,2.0522,621.6874,615.267,0.0432,0.0461
J1_J2_f117,1,exploit,74d45b29f84c0f7f3f2a1b165dfa7741624e704868366fdfdcc3a6d2288eff8f,True,0.053,1.602,1.6612,1252.3885,1220.1,2.0031,2.0969,621.2738,614.73,0.0453,0.0453
J1_J2_f117,1,exploit,00001e0fec99f407494c2089eb1c525acfc17cb01b72a85826b6f630c619b379,True,0.0214,1.6152,1.6489,1251.7369,1205.3,2.0072,2.0886,620.0522,613.932,0.0497,0.0543
J1_J2_f117,1,exploit,b07cd7f8ede8636e3de6665f0f936dbc2877beefac2c25c3dbf21640512acfa8,True,0.0119,1.6227,1.631,1243.2583,1250.81,1.9995,2.0362,615.779,623.771,0.0417,0.0401
J1_J2_f117,1,exploit,e107ae536ad3e35b50278ea3634d711a4f9c8b523034f60a831c91f0cf6df451,True,0.0094,1.6256,1.6318,1242.5619,1248.33,1.9933,2.0455,617.2126,622.333,0.041,0.04
J1_J2_f117,1,explore,d564ce854b303a69370f8e77dcc02844dd3f9428baf0a59c6c5ffec18ab8db4c,False,0.0,4.0093,,1294.9036,,4.666,,601.685,,0.0742,
J1_J2_f117,1,explore,e2c54ef2d8ae001a16365260d05ed167f53a0ed57bb039166f466019cb318a4d,False,0.0,3.1441,,1352.7446,,4.4905,,615.6711,,0.0468,
J1_J2_f117,1,control,3b78c3ae2004c2b5ec8176748e6d1dad2d7613203eb3b9fca07c11ad9aa2dd5a,True,0.0,1.724,1.7641,1299.5848,1280.05,2.066,2.2598,615.7791,613.928,0.0364,0.0304
J1_J2_f117,2,exploit,5551f6e171bdabf3e6cc69ffcec7204de67f4c68b16aaaa5398457e5a5d70ba8,True,0.1304,1.5862,1.7288,1259.7004,1237.02,1.9925,2.1408,624.2936,621.948,0.0416,0.0458
J1_J2_f117,2,exploit,62206bb3260750bbc23af9d43d774345e48c4b7bdcb5e2d606add9429a153727,False,0.1095,1.5895,,1250.0462,,1.9956,,625.0036,,0.0458,
J1_J2_f117,2,exploit,9000a0e6a0178f72700669862edc687562c6ddbc8e053fb1c3ce4665c25605b5,True,0.074,1.5965,1.8087,1269.3703,1255.13,1.9942,2.2491,624.4288,624.341,0.0426,0.0443
J1_J2_f117,2,exploit,41a96dbf22883325549db9cd54616d75f9f0ef7365027ba2ba8418c3e032dcd7,True,0.0657,1.5985,1.6731,1281.2974,1270.53,1.9952,2.0888,627.0598,628.198,0.0423,0.0432
J1_J2_f117,2,exploit,4f6ef47dbfe860177921e9ee10442715378bfa36272e665b1f26226c8e0bd6be,True,0.0607,1.5998,1.6877,1243.3815,1243.72,1.9829,2.0941,624.5019,626.396,0.0439,0.0444
J1_J2_f117,2,explore,05358dab702651a85d1d9aac26937ea47d2f1b3065d4799ec5c43ec2cb9bc9af,False,0.0,4.1135,,1285.9217,,4.852,,604.9112,,0.0604,
J1_J2_f117,2,explore,8093816154c9caba240af005aba47501e26431d25c2b811264c9defebe31ac6d,False,0.0,4.0646,,1279.5817,,4.7122,,608.4992,,0.0588,
J1_J2_f117,2,control,3042f3a8922021d1d3ab710d6f6ff89c0ee6928076b1ac21b1e18a0a00f12a17,True,0.0,1.9936,2.2004,1286.5973,1248.93,2.4294,2.7682,616.7861,611.398,0.0339,0.0293
J1_J2_f117,3,exploit,95fa1f90b5f12765c0f6e02a902e273dda5ca669f118a6bd8c46246aa3c71c3e,True,0.1331,1.5858,1.6266,1256.3088,1253.42,1.9595,2.0643,621.5177,621.36,0.0475,0.0434
J1_J2_f117,3,exploit,8232754e911f30d60b72cbb60646d1a2f33f24e9ba2d87823700576fcb6d203a,True,0.104,1.5905,1.6281,1268.7,1243.11,1.9515,2.0018,621.91,622.025,0.0469,0.0484
J1_J2_f117,3,exploit,c00725c1b58f176c2db492b7ebc089c1bea44b00756b1491c530a95d596bd7e2,True,0.0777,1.5957,1.6475,1259.9076,1255.24,1.9724,2.0904,621.2935,621.793,0.0453,0.0486
J1_J2_f117,3,exploit,36baea56802c69ff904f87b04a6fe99c452685212d55a63c407c9581a76b83cf,True,0.0269,1.6121,1.6278,1267.1591,1231.74,1.9684,1.9704,621.096,620.705,0.0479,0.048
J1_J2_f117,3,exploit,7df14de71383ab813cd64b8bc498467b46dc122e25259b6767d970bb57ea459b,True,0.0167,1.6185,1.7063,1216.1325,1229.36,1.9683,2.1633,618.0284,616.914,0.0395,0.0359
J1_J2_f117,3,explore,a5fff7c94e94d58177e2352b48f1075811591f11323062e67d3ebb15b32eff2f,False,0.0,3.969,,1285.2761,,4.6255,,606.9667,,0.0533,
J1_J2_f117,3,explore,faf942aa16b070125dfbf8471ffad7e5a03b1dabb6616479009ae29fb5c8fb4a,False,0.0,4.1634,,1315.5308,,4.9002,,611.1486,,0.0556,
J1_J2_f117,3,control,8a64a9f8184b9ddca7e2f0fc76257c94dcf77bab690fd7261fbabc9632be726e,True,0.0,1.9332,1.964,1278.6863,1269.73,2.3591,2.5488,619.4953,622.602,0.0442,0.0499
J1_J2_f117,4,exploit,bedb501b7b75711a34757d819568058472e2aa0e98432ec48e6dac6ab1afc997,True,0.5817,1.5433,1.7116,1238.236,1212.45,1.9062,2.1377,623.187,615.85,0.0473,0.0461
J1_J2_f117,4,exploit,75c6a7f5797ac02a9741dedf906c0e0cc731f38fcd002b434ee0b7b6c3f324b1,True,0.703,1.5328,1.6612,1231.4451,1202.7,1.8901,2.104,622.3297,614.356,0.0488,0.0511
J1_J2_f117,4,exploit,45cf47829911a7392db29704961130ee958a651c3b5810d7a2149d22c708f275,True,0.5609,1.545,1.6565,1235.062,1198.49,1.9091,2.062,623.3036,615.293,0.0516,0.0535
J1_J2_f117,4,exploit,95c162fb0e3eedaeff166de246c4149cf5df964150807708fba3755d173cd5ce,True,0.4173,1.5567,1.6823,1239.5622,1222.05,1.9244,2.1207,621.7266,614.052,0.0449,0.0442
J1_J2_f117,4,exploit,a1d628e42502d499cb274967e9a2a95c107655e449d3c6bb15d016f322b14eb5,True,0.3823,1.5596,1.6543,1255.7993,1216.78,1.9275,2.0829,624.6783,617.49,0.0456,0.047
J1_J2_f117,4,explore,948ce7bdd42b703af29f7e29a246df983bfe06204b6f0b954c9a4ee5d4363779,True,0.2617,1.5705,1.6516,1263.0961,1235.59,1.9231,2.0878,622.2513,615.035,0.0413,0.0433
J1_J2_f117,4,explore,0a1a3a7814b1a18fc6eabae81f550b2c2543a246a315b9f5da54077257c2e5df,True,0.1829,1.5791,1.6679,1238.6632,1221.77,1.9453,2.1104,620.5186,614.316,0.0452,0.0453
J1_J2_f117,4,control,431d202bc2788a5bc4a4d9ea3cfa432ecc586c8a004d41a653c4a773c1f1ece4,True,0.0,1.8728,1.9911,1320.6514,1278.94,2.2796,2.5527,620.1479,612.352,0.0327,0.0361
J1_J2_f121,0,exploit,4cc0d744aadaec684361a41960aad0b8a7991c3908398030cbca2c270a0e9a38,True,0.0763,1.596,1.6016,1271.6436,1287.14,2.0113,2.0202,636.2348,636.801,0.0434,0.0402
J1_J2_f121,0,exploit,408afbc87d968368af88fb6ae137212187236882657293bb639b0fc3a6583ee8,True,0.0776,1.5957,1.6326,1287.5988,1287.36,2.0113,2.0406,638.6889,638.336,0.0455,0.0451
J1_J2_f121,0,exploit,d72038b6a819ea040b04d3b358f2035f15735fd54fecc580a279be54f53cc230,True,0.0632,1.5992,1.6688,1277.2409,1302.64,2.0239,2.0925,634.0917,631.801,0.0415,0.0405
J1_J2_f121,0,exploit,163479a6e2b93f3a03f1344639a3d603af5652a895933f059523d0065866bca0,True,0.0489,1.6033,1.6288,1277.2135,1277.85,2.0257,2.0138,636.1363,634.049,0.0413,0.0465
J1_J2_f121,0,exploit,edbc9ff1cb5d728d20885cc646feaf57b39e1cf68a2b13100ded45294365cb46,True,0.0476,1.6037,1.7149,1298.2967,1317.49,2.0178,2.147,638.3076,638.173,0.0426,0.0428
J1_J2_f121,0,explore,3067a13833664a404bc0a0d145301f991d3d4d767bd41ab41c19828e7a537f50,False,0.0,2.9086,,1354.9123,,4.1629,,621.6714,,0.0465,
J1_J2_f121,0,explore,1cda6e6f9cd66bf7ddbd00d65dec94122e7d4541bce1fdad6409b0a2bfcb85ca,True,0.0,2.0027,2.1971,1287.988,1274.13,2.597,2.892,630.7125,632.878,0.0503,0.0438
J1_J2_f121,0,control,ddb79987eed71f426aa96c83620c0d1b7006658e438aa6ec01fa27b946fee267,True,0.0,1.8492,1.9549,1284.6434,1281.01,2.3695,2.4937,631.1659,628.577,0.0499,0.0446
J1_J2_f121,1,exploit,33e7dc3895cd8ba26757af38b114698825b370606a3b6842dd64571818cfe1fc,True,0.5081,1.5493,1.8791,1280.8696,1322.43,1.9716,2.4436,634.6689,635.482,0.0391,0.0327
J1_J2_f121,1,exploit,8cf80a3c6b8f2300a6e0af33305bfd003dca717423e1a93e1232af547baeaabb,True,0.4887,1.5509,1.8401,1279.439,1320.08,1.9755,2.3861,634.1911,633.901,0.0325,0.0297
J1_J2_f121,1,exploit,7267ebeac2d20689a9ddc738e90cd1ec97d7becde905271c94179a954a9626f9,True,0.5244,1.548,1.8746,1261.9542,1308.58,1.9595,2.4357,635.5559,635.708,0.0358,0.0348
J1_J2_f121,1,exploit,e669e4bfb3b60502cdc04a1b31cbbccbe7e40e0cf0e8741898f6af2bae196811,True,0.5454,1.5463,1.605,1290.5443,1324.14,1.9647,2.0246,636.2626,636.385,0.0359,0.0365
J1_J2_f121,1,exploit,052156bb9a5606a19176a9f4879abcfdb27a179bd86a53e2cc0e1300e408384b,True,0.4654,1.5528,1.609,1269.7738,1297.79,1.9655,2.0136,634.6201,633.277,0.0359,0.0397
J1_J2_f121,1,explore,0422162acc1beb3c0678704a7b409cf602644d0602ccb1ebf210abeb0a276c5a,True,0.3008,1.5668,1.888,1282.0079,1296.1,1.9918,2.4233,636.8234,636.981,0.0412,0.0412
J1_J2_f121,1,explore,9fbc2cfe101be0d23fec649e376f501cb5743e3fc839bf2652d5699bac838775,True,0.3063,1.5663,1.824,1288.801,1326.91,1.985,2.3564,634.7648,634.233,0.0358,0.0339
J1_J2_f121,1,control,1559372a7d059b38780de75669b9ddc0191e27abbe1032fabe776a5282630b13,True,0.0,1.7962,1.9022,1312.9291,1332.87,2.2546,2.4548,635.1623,636.711,0.0369,0.031
J1_J2_f121,2,exploit,2c8319fb5c303fa008d44e7368256dfb915ae898f9778d54a0711df178cd1b88,True,0.4901,1.5507,1.6637,1311.7416,1320.36,1.9595,2.0447,639.8553,639.418,0.037,0.0371
J1_J2_f121,2,exploit,1007f4a06a64570e3325bf45facea5e53a37b85efd5c0f5818ff539aae96f050,True,0.1703,1.5807,1.7009,1168.3902,1176.16,2.0299,2.2198,634.5256,637.73,0.0574,0.0636
J1_J2_f121,2,exploit,3f74a5f8e6dcc198a97d39a7a9e42558f9bc79bbb5085d2dcda078e649da9c4c,True,0.1912,1.5781,1.5948,1293.2794,1297.78,1.9893,1.9627,638.8603,639.087,0.0447,0.0474
J1_J2_f121,2,exploit,33b5bde445a12e497268c0994c1e04678b58f1e93b9c50b9e8bb84ed5b792e68,True,0.201,1.5769,1.7043,1331.1243,1342.37,1.9941,2.1589,640.9231,639.952,0.0356,0.0338
J1_J2_f121,2,exploit,c48f1f8d1935537a36ee9cb8f1b43e680553cb6adbd171701eed605f970a12fd,True,0.1496,1.5834,1.7109,1193.4865,1214.12,2.0133,2.1543,632.6099,636.183,0.047,0.0499
J1_J2_f121,2,explore,20529694a7247e98ce1d85e7e5744411e827c1eafff7ada94c598e69337ab3d2,False,0.0,2.9853,,1277.0491,,4.4467,,624.7925,,0.0559,
J1_J2_f121,2,explore,a3bf636952b2b501150801fade64b147c799d3ab1f7567d817be0d22c7cfd327,False,0.0,3.0426,,1344.7206,,4.5049,,626.9182,,0.047,
J1_J2_f121,2,control,f68b85f17b97ab1bb4cd5d61b60da15d05d05205030a5bbe96f5c873ea2874f7,False,0.0,1.9654,,1333.0229,,2.5188,,637.08,,0.0357,
J1_J2_f121,3,exploit,2e50a22f8255490e920003d17a1a63ee3b0afaf3f53090dc78c64aed87fc2ac1,True,0.5703,1.5443,1.7086,1268.1051,1300.91,1.9534,2.1291,635.2438,633.096,0.0457,0.0474
J1_J2_f121,3,exploit,6311f998dd9241d92cd6825196253c3ff7108f1b63aa882e1b4943cd6ddfe281,True,0.6455,1.5379,1.7004,1274.8707,1310.24,1.9326,2.12,636.3963,632.671,0.0424,0.0435
J1_J2_f121,3,exploit,7e21d15d51cbaeeef761b7b64ced6fe39351982d33fff562e8c8c6c480183c25,True,0.6259,1.5396,1.673,1288.3262,1317.99,1.9312,2.1054,636.5598,637.91,0.038,0.0367
J1_J2_f121,3,exploit,f88ef0d6aac6893e54fa518ae60a69135521c28b53ebec406a898edc952fe37e,True,0.7106,1.5321,1.6267,1275.6239,1309.76,1.9242,2.0176,636.7684,637.029,0.0445,0.0476
J1_J2_f121,3,exploit,4fb1b4e31e103015fee3c92fafa81f85a327177b1f048119e31d9d4ea273f689,True,0.6103,1.541,1.6494,1262.319,1285.52,1.9365,2.0587,636.8013,633.425,0.0444,0.0462
J1_J2_f121,3,explore,7b3ed26fdd7f9278ebc0cf0377b9c8acc1ecf4e4920c135030f3e48c24f3a20e,True,0.8502,1.5165,1.5783,1275.8672,1311.36,1.8994,1.9675,641.2687,640.217,0.0462,0.0451
J1_J2_f121,3,explore,9b23a0c2d4e34e9af4c11f534b9914f387a7713808268c2b9698ea249da83a36,True,0.6006,1.5418,1.7192,1261.9085,1298.37,1.9396,2.1843,637.66,634.22,0.0461,0.0437
J1_J2_f121,3,control,25107698ab68a28510cf9317ab374d679d9cf2d601d9f259bc83d2c18f0cc63c,True,0.0,1.682,1.8725,1159.6467,1160.72,2.1736,2.4769,635.7687,633.319,0.062,0.0644
J1_J2_f121,4,exploit,aa99dd3cc4da51b090de4dff5760dc2befb0727100e1e7b147e6f5c2cd8da3f4,True,0.6174,1.5404,1.563,1278.4673,1294.42,1.9188,1.9167,636.5949,637.452,0.0474,0.0464
J1_J2_f121,4,exploit,9534feeacd39e3980b09a76e12187171836ff5bfd06d294e89268556d202f343,True,0.6758,1.5353,1.5895,1276.7686,1290.8,1.9194,1.9889,636.9488,636.86,0.0463,0.0452
J1_J2_f121,4,exploit,31258c0a76bf7402688a6d1177c298307d5a7b31808ca8a0ae362b7687108a05,True,0.542,1.5466,1.5872,1265.6521,1277.08,1.9299,1.958,637.2175,635.523,0.0489,0.0496
J1_J2_f121,4,exploit,ac1fda69d6916400c2ff4b52e11191f786bd65a9d94440d7ebd311d4e9349044,True,0.5185,1.5485,1.6585,1289.3753,1314.95,1.9364,2.099,636.794,636.378,0.0454,0.0426
K1_K2_f117,0,exploit,35348406819da4961df55f02f51a1693c5fb3fb90bf642c94ad40ba571cad16c,True,0.1961,1.5761,1.6896,1324.255,1324.71,1.9794,2.1136,639.7304,634.362,0.0406,0.0437
K1_K2_f117,0,exploit,ed8a535d770abd9d26d9e63e62d1767536c68d7cc05ad157b76e3c026c0cd2fe,True,0.2038,1.5753,1.7689,1350.6179,1322.7,1.97,2.2086,644.3942,636.012,0.0418,0.0432
K1_K2_f117,0,exploit,db7f623d194ea9d101c1dd6338121976ad99dd34dc6b59c8217f405dc3e1d928,True,0.1298,1.585,1.6758,1327.8089,1296.86,1.9821,2.1057,640.5085,635.465,0.044,0.0484
K1_K2_f117,0,exploit,0ce948cc2658f9f431911bcfb05ecc169a87f2278162e1b37bd211f7c83cf2e2,True,0.1193,1.5866,1.6779,1363.3698,1360.32,1.9874,2.1103,641.4392,638.252,0.0409,0.0395
K1_K2_f117,0,exploit,c7941fede246165c7d4208c1aef8f7373d07ed68b61423b0ff71491a6334bef1,True,0.1188,1.588,1.7,1344.7528,1352.9,1.9905,2.1454,639.4655,638.078,0.0374,0.0385
K1_K2_f117,0,explore,b4f3c63055b76d4fbea58be8c08ef4c5d48340a5e4b8664494d4521bad55b85c,True,0.2111,1.5992,1.6831,1326.7682,1326.5,2.0099,2.1015,640.6247,636.233,0.0483,0.0513
K1_K2_f117,0,explore,96fca6fb7999042b69344e08ce5ef87d1726a6de8013cbc1a1d3ec424697695d,True,0.2575,1.5929,1.8007,1346.9869,1324.39,1.996,2.2512,640.7875,636.289,0.0398,0.0418
K1_K2_f117,0,control,2a609cb136a373e2331311ef4cc0480e6d2375e6306d00a8de7ec3cd9d6f90bf,True,0.0,1.8514,2.2764,1345.3602,1354.82,2.3397,2.9343,637.482,635.066,0.0343,0.0253
K1_K2_f117,1,exploit,fca7a4c3bf06dfb35d0c17c645615d5fce9809e6544702fa63c28a0c4d8f2ed1,True,0.1546,1.5827,1.7042,1363.0283,1311.61,2.0272,2.1286,640.2793,633.537,0.0424,0.0467
K1_K2_f117,1,exploit,0557932efe7d572f5b2c98145e01e8c218803aa70bc9785ff91a4dcb3fb5a5c7,True,0.1411,1.5846,1.6681,1388.4607,1374.88,1.9969,2.0943,639.379,640.655,0.0389,0.046
K1_K2_f117,1,exploit,d1016d02f22be679b61a7096fa5638be94a49bc9fab447043911b22d17e14b5a,True,0.1284,1.5865,1.7761,1349.8669,1344.53,2.0458,2.2917,636.4676,635.987,0.0395,0.0398
K1_K2_f117,1,exploit,82f0e5b14c4b4cca25d2e5489e71f99379c42b91433bf06cc95a02635c02cbc8,True,0.0977,1.5916,1.7399,1304.7014,1232.5,2.046,2.1901,636.4783,624.581,0.0474,0.0553
K1_K2_f117,1,exploit,19809f683861dee0233144ffae75da95cbda4cf3cf2a11f117bc62b15da515fe,True,0.0841,1.5943,1.798,1317.3955,1270.08,2.0315,2.3242,639.398,632.666,0.0428,0.0538
K1_K2_f117,1,explore,4f40f08f4a0c3ee8e5a2a27a2baf266e8eb2ab4e9177eae8067014a5569c3624,False,0.0,3.1161,,1382.8369,,4.7004,,616.9731,,0.0716,
K1_K2_f117,1,explore,f690d09b39474754577f48f7eb2dfad2008e841aec24d494ffd70fc876aabbf8,False,0.0,3.1096,,1437.4923,,4.6149,,631.4142,,0.0439,
K1_K2_f117,1,control,1e658b86fa28cb7e0b482f4d4253c011b3e66b53ae78257eed6c317d8b542666,True,0.0,1.809,1.9849,1369.6567,1331.1,2.279,2.5975,625.3457,619.587,0.0413,0.0422
K1_K2_f117,2,exploit,cb41be3254c16aca5ebe039b0eacb97020048f9abf2da467a0c7671e1963cb2a,True,0.1825,1.5791,1.6563,1307.6074,1312.84,2.0055,2.0678,638.958,637.924,0.0394,0.0427
K1_K2_f117,2,exploit,266467cc291e8011371c4e978f4265d4e503b83d464a0f5ce532c4283b02b5bf,True,0.1706,1.5806,1.6247,1315.1514,1309.03,2.0031,2.0314,640.9787,638.121,0.0406,0.0395
K1_K2_f117,2,exploit,f3abaee137fc44017429d0dcb70dd28da3d06676e152b647716a23b2303073ac,True,0.1486,1.5835,1.6942,1307.3939,1324.5,2.0061,2.1274,638.4557,637.669,0.0395,0.0387
K1_K2_f117,2,exploit,3b1d976d124cf2a39255ee0b3319b9fa0854efbc95c98bde86069178f3b4de4d,True,0.1369,1.5852,1.6271,1328.0507,1300.67,2.0027,2.0142,641.0781,638.695,0.0391,0.0439
K1_K2_f117,2,exploit,7be7554c0f080c30a62065a7becfad4eb25d637e764284cdfea5200b696cddf7,True,0.0981,1.5916,1.6688,1304.4962,1313.18,2.0358,2.0906,638.0875,636.899,0.0459,0.0464
K1_K2_f117,2,explore,7509cbdcba6b332dffe4d52f45c1035800f1824123041e9590f85eeff37a1f02,False,0.0,3.2013,,1334.4684,,4.9661,,619.1364,,0.0593,
K1_K2_f117,2,explore,1ccc630c9f0ac3ce028ff3eb28f24d29e91e3b386ce14b9933fdc1f7c95f707a,False,0.0,3.3535,,1421.0313,,5.1724,,618.6873,,0.0562,
K1_K2_f117,2,control,c2a6a2f461fcbc0629fc88308914114a41857933a4fafe8a3acd6e18b2c78e60,True,0.0,1.8663,2.2384,1326.5523,1336.05,2.4005,2.9885,638.1676,631.0,0.0418,0.0483
K1_K2_f117,3,exploit,732002a9c2aec6a59eaad8d6368c543e3259da1e7c254f62756936c34488ec45,True,0.2955,1.5673,1.659,1312.387,1299.84,1.9674,2.0828,637.9888,632.81,0.0427,0.0449
K1_K2_f117,3,exploit,1e16fb6274dfdf25447f2c869afe3d00384f4a9b475aab8c1f2d850a341cf4af,True,0.2492,1.5718,1.6759,1343.0375,1321.55,1.9758,2.099,638.206,631.775,0.0374,0.0359
K1_K2_f117,3,exploit,2cea5328783376fe8d2359e5ca944a5ed3583c3b6efdec2b2462bebac7f41456,True,0.2292,1.5738,1.6512,1310.0219,1273.36,1.9779,2.0573,636.8417,627.907,0.043,0.0488
K1_K2_f117,3,exploit,3d29582a9febee45af8b78290fb7ce5cf7728167259198fa22b6409de98b6195,True,0.2345,1.5733,1.7192,1318.8355,1278.23,1.9842,2.1382,638.3445,630.228,0.0378,0.0391
K1_K2_f117,3,exploit,aa3ae2e5b63d8996f48765e4387e8eaca01b3d6b8967239479b3cd94a6719f5e,True,0.1883,1.5784,1.6066,1311.3126,1290.57,1.9766,2.023,636.3368,628.686,0.0386,0.0416
K1_K2_f117,3,explore,b7f51d53543ba75fce67b93014ed6119c6d8dd077cd43de4166ee3a99f3d3be4,True,0.1631,1.5816,1.7151,1306.6302,1279.67,1.9924,2.1143,637.1761,631.524,0.0437,0.0438
K1_K2_f117,3,explore,dd2fcb40a409b74ab7127999c6481e4587aabd9c68ae4c99336b7cb3c6e914c4,True,0.1561,1.5825,1.6212,1321.235,1296.98,1.9816,2.0389,637.3172,634.695,0.0404,0.0451
K1_K2_f117,3,control,fdd4b8f0e3033e5dd0b028cda615dec3944e52c5f7f27add423bcbefe775b8ea,True,0.0,1.761,1.8899,1327.9399,1314.92,2.2422,2.4137,628.1696,622.167,0.0404,0.0361
K1_K2_f117,4,exploit,02b921a90422be447815b7e32b5283bb3f426df933c246b8989d16a8b141dbe5,True,0.4869,1.551,1.6077,1288.3668,1287.45,1.9182,1.9822,636.4592,631.804,0.0441,0.0467
K1_K2_f117,4,exploit,3e9e824084f7eceea5ed011e39cf0d49f921e119a5da851a5101264cbeb15049,True,0.4837,1.5513,1.7549,1307.6823,1329.47,1.9409,2.1572,637.4265,639.635,0.0434,0.0388
K1_K2_f117,4,exploit,bfabefd83327ca5cbbb9d5502d3e4a490083106f1fedbbe8950a312343abc4d4,True,0.5168,1.5486,1.6289,1292.0016,1268.23,1.9329,2.0309,639.1332,630.457,0.0481,0.052
K1_K2_f117,4,exploit,1d4063ea1bcbabdc86e732c79849c07d51c4c7e52514eaade2c99f37cad22b11,True,0.3968,1.5584,1.7382,1293.7626,1326.95,1.9321,2.1378,638.0315,637.687,0.0414,0.0405
K1_K2_f117,4,exploit,882622d9f229a547c3cd9fb82aa399f021ed92e5f18aacee79bb6000a9750c26,True,0.3658,1.561,1.7086,1309.1169,1318.59,1.9717,2.1773,636.5623,634.994,0.0472,0.0427
K1_K2_f117,4,explore,43ef2bb1591ceb46327adb6f018e994937f72ac9ce690287f3a433ba7730e491,True,0.201,1.577,1.7509,1287.6474,1292.9,1.9712,2.2135,635.5701,632.085,0.042,0.0412
K1_K2_f117,4,explore,4d2e44baba50a544347d2f96a308280eddeb9e0dcadf8ff84f8bc8dcb6ce50b1,True,0.1706,1.5806,1.7986,1268.935,1257.91,1.9737,2.1978,632.3609,627.62,0.0438,0.049
K1_K2_f117,4,control,b8b97c4d08330a900e0c43535aedd93a52a014d35e04e50358c47fdf74a891d3,True,0.237,1.573,1.7737,1238.752,1235.68,1.9819,2.1944,633.1164,630.0,0.0474,0.0516
K1_K2_f121,0,exploit,9917217429b2a58beb126cccd1f24effa3bf7076a973e6902e4bd01d14252f82,True,0.0022,1.6414,1.6027,1380.143,1360.73,2.0262,2.035,652.1184,653.575,0.0402,0.0456
K1_K2_f121,0,exploit,8ca7582e93a177bba7267eff847290357e4045c25d8caf7786a6ce7a6b9412aa,True,0.0008,1.6511,1.6021,1391.5027,1364.2,2.0292,1.9718,654.3857,654.424,0.0428,0.0448
K1_K2_f121,0,exploit,785b5d004e336a213dd5bfaa276a1822d5a35595e94ac29dc4fcdaafa37f34ac,True,0.0005,1.6551,1.7421,1390.4028,1386.41,2.037,2.1934,650.1156,650.761,0.0388,0.0424
K1_K2_f121,0,exploit,ae6bd56a811a6144c95dbf33a0e89eaa853d9b26633cacc245344ad448305c69,True,0.0006,1.6536,1.6612,1394.5973,1368.97,2.0319,2.0906,653.4637,655.352,0.0403,0.0421
K1_K2_f121,0,exploit,4cd63a0f112219174de03eba8bca36508c08a32675172c4fbd4ff5bf650e6f73,True,0.0005,1.6556,1.618,1364.395,1357.87,2.0338,2.0159,649.4299,651.934,0.0394,0.0418
K1_K2_f121,0,explore,c4c17d174c4bea3b4081cfb5bc31486f1ecfac52d8ec48f8a9dbe55e4ea553eb,False,0.0,3.6186,,1444.483,,4.2439,,645.9009,,0.0369,
K1_K2_f121,0,explore,de2a5ab5f32f490db22707ef015cf3df41cf97d12851d951c92bf7ad2903b172,False,0.0,3.5994,,1471.5617,,4.1371,,645.1782,,0.0321,
K1_K2_f121,0,control,06fda0c2a71afed0723ce86a373160acea5418e4d9aae47447ba46f941b4d65c,True,0.0,1.9694,2.0537,1369.2536,1347.84,2.3392,2.6254,646.8835,649.356,0.041,0.0442
K1_K2_f121,1,exploit,03691cdff15b099d0dfc3679a3378a073d2fac8a7e4df6dcbc17a76b3f678830,True,0.1468,1.5838,1.6768,1336.6015,1361.05,1.984,2.0454,652.0142,655.401,0.0448,0.0389
K1_K2_f121,1,exploit,d1f7c01c69ad0d99d155ef49a030f460b240bb3e3e53e58f8b96455b1fca4cfe,True,0.0592,1.6002,1.6058,1354.2542,1373.83,1.991,2.005,651.3422,653.835,0.0421,0.043
K1_K2_f121,1,exploit,3ebfcaa31cab514f982d94141bd1cf32aeefccdbde57a79790427c3a8e5695f2,True,0.0667,1.5983,1.6332,1355.01,1366.98,1.9888,2.0605,653.4253,656.271,0.0413,0.0395
K1_K2_f121,1,exploit,9416049791b2c9cb596715c1b1cea225c544f60d952ba82ff2176b112a811141,True,0.0165,1.6186,1.6342,1345.2901,1378.37,2.0032,2.0232,650.4485,654.245,0.0428,0.0394
K1_K2_f121,1,exploit,c184c7f673164ff799d65427ca0fe39c7cabb6bd26554998132acdfc20fa2e50,True,0.0137,1.621,1.6541,1364.4933,1380.9,2.0061,2.0813,651.2158,655.578,0.0404,0.0392
K1_K2_f121,1,explore,e1b26cea46d6393c7793d56b88903b1a00c837bbe82cd3293d860ac763a32d24,False,0.0,3.7051,,1384.7493,,4.4786,,644.3698,,0.0372,
K1_K2_f121,1,explore,03f91ee07572dc38e80980ef0f9022c836ae9f839f3b18a5e515dea2e9242ce5,False,0.0,3.7224,,1348.8717,,4.5292,,637.5763,,0.0432,
K1_K2_f121,1,control,180eae8af26c98fd953da2424c646040653056cb06c00ff7bd93d514761a256f,False,0.0,2.8711,,1450.4436,,3.1791,,637.6389,,0.0513,
K1_K2_f121,2,exploit,185e0e562ba821b119d2278ed85eea0583657241ecf3bffb4da985e76ee96e59,True,0.0906,1.593,1.6942,1338.9029,1369.51,1.9629,2.1239,651.2648,654.591,0.0415,0.033
K1_K2_f121,2,exploit,a2043d7c6e8622d82156c41524aceafac03acd32c9d7fb7f4bc08f0d49c3cd55,True,0.0749,1.5963,1.6452,1324.9997,1378.33,1.9668,2.0623,649.6567,654.188,0.0433,0.0404
K1_K2_f121,2,exploit,88377304ce5f07ee79020e23dab67949d1fff970e6285be457c588b87e5ee572,True,0.0398,1.6064,1.6503,1296.1435,1334.05,1.9936,2.0563,650.7086,654.481,0.0457,0.0419
K1_K2_f121,2,exploit,8109e5ba9db63cb1c47dc89d76d119a9003846d104efa94535036fbd2f15a3b8,True,0.028,1.6115,1.6688,1349.7815,1369.83,1.9802,2.0759,652.3924,656.023,0.0418,0.0432
K1_K2_f121,2,exploit,f165f029cb6f86b17987237c35e995048d48e6ecbbb25880d60fb3e133032053,True,0.0258,1.6127,1.666,1328.7966,1342.61,1.9938,2.1135,653.8202,655.202,0.0494,0.0602
K1_K2_f121,2,explore,b1cafeff5229c30df1939294688ccbecfa62df3235393965c051ed5c7da69c14,False,0.0,3.8246,,1340.0206,,4.7024,,634.4047,,0.0581,
K1_K2_f121,2,explore,71cc94e1fa5142e0467d8243be5f3ec11eef929c58651c488ef4c08d6463f4b8,False,0.0,3.8141,,1364.31,,4.673,,639.1755,,0.0533,
K1_K2_f121,2,control,5bf5d7c62644270f53ce80fa6ba27191241f9182bb1513bf9865a1269911d5aa,True,0.0,1.9633,2.0601,1324.3282,1379.87,2.3492,2.7608,644.9859,650.105,0.0427,0.0506
K1_K2_f121,3,exploit,ece680797fdd04c6bb48416ca8178636f2fb2f88244d86204ffae2d53c5dce7a,True,0.5512,1.5458,1.646,1307.9474,1355.83,1.9196,2.0533,650.5987,651.108,0.0406,0.04
K1_K2_f121,3,exploit,b6307f048ca86c8112c684e274084975fb7b84d8eff878980d56e95061f58604,True,0.4742,1.5521,1.6287,1329.3401,1365.69,1.9139,2.0021,653.1905,655.924,0.0427,0.0417
K1_K2_f121,3,exploit,ba39e5ee5dae1cd47d185af3fdc0994f1a3e203828dfcdf85453d5d86452778c,True,0.4099,1.5573,1.6418,1323.5465,1363.67,1.9384,2.0636,652.9104,658.325,0.0402,0.039
K1_K2_f121,3,exploit,d7636a1cec77a2ec29abba87fc0180818baff496ced1ffc090f86e9d23df0199,True,0.3447,1.5628,1.6514,1313.2717,1356.09,1.9219,2.0858,652.9632,655.792,0.0435,0.0436
K1_K2_f121,3,exploit,cd3fb00fda1027170aba1e98c5580dbfe55f84f8a418b67ee5e709e5ebd9ba52,True,0.3061,1.5663,1.6714,1318.9855,1373.74,1.9351,2.1037,652.1831,658.107,0.0404,0.0369
K1_K2_f121,3,explore,aa997543d01d874361dc3e3d9deeb41af141a0c73f1429dc62b9dcbea493e967,True,0.2554,1.5712,1.6521,1296.9013,1343.84,1.9403,2.0826,648.2412,649.118,0.041,0.0423
K1_K2_f121,3,explore,2eb089ef04979d2b5f8bb1a21503417bf9e4d74a70de2d125a97e97b34c82b8d,True,0.2412,1.5726,1.7821,1313.3038,1350.13,1.9352,2.1745,652.3013,655.27,0.0438,0.0453
K1_K2_f121,3,control,093cdfe6236038d19a65707fbda2026dbd24c9e87bd5125c3d04df1677ccd8fd,True,0.0,1.8769,1.8481,1316.4562,1348.64,2.2577,2.3907,645.8399,647.684,0.0491,0.0457
L1_L2_f117,0,exploit,69b024bd3f4b4332e776b489d848538f7b428b6cce87db560b774b69c5874bec,True,0.0,1.711,1.5952,1408.4731,1335.5,2.0227,1.9771,645.9347,643.103,0.0432,0.0465
L1_L2_f117,0,exploit,c960032e52927186e27dde7e58c2466e0a375278b8ef928affe8c5fa95e4b115,True,0.0,1.7147,1.6211,1413.5338,1351.43,2.02,1.9762,644.7287,644.199,0.0434,0.0452
L1_L2_f117,0,exploit,a6ef888bf02e48ebf57c56dc03decfb7943958c2b0a7dd0330146260047fc30d,True,0.0,1.7163,1.6911,1421.4196,1364.78,2.0171,2.0776,645.9314,644.345,0.0432,0.0442
L1_L2_f117,0,exploit,d5cd05c0563d47f6d9f4aba30a8b9439e92e3bf8f5972f02c10b4e604a908331,True,0.0,1.7199,1.6197,1434.9932,1370.26,2.0227,2.0264,645.8638,644.222,0.042,0.044
L1_L2_f117,0,exploit,ce5485636d187886a8ec5b00f5c517654b55e5d4e39d85a0664e52185acda05e,True,0.0,1.7213,1.7399,1409.7418,1357.03,2.0207,2.1367,645.3544,643.723,0.0426,0.0458
L1_L2_f117,0,explore,6df4617bf4f9a6b3cb25ebb06272d5403e09b6e82f5ccd6a1660b6d9b4d16aed,False,0.0,3.4347,,1517.0764,,4.2583,,626.3366,,0.0471,
L1_L2_f117,0,explore,8c41f19036d4be66d13e0d6d13933a643b9a4ce1b9ff7484e2387e3b91fe2e23,False,0.0,3.3239,,1499.5147,,4.0197,,625.0912,,0.0441,
L1_L2_f117,0,control,9bd2db9dcb7c401361c073c6ccaa8057146b9c57b6da92b82714680a4641e467,True,0.0,1.7926,1.8152,1414.9069,1377.01,2.1039,2.2562,645.0873,644.858,0.0431,0.0441
L1_L2_f117,1,exploit,c332c0181604cc952c537aa9f14443ce99900d993c28edcc5ee9d74e339ed371,True,0.0002,1.6633,1.5911,1382.8573,1324.67,1.9949,1.9735,644.4164,642.517,0.0464,0.049
L1_L2_f117,1,exploit,3fc465fa3297a2f3d58e743a8da7d1768e8e5436206fc0e267a4b2b3073ab8b1,True,0.0001,1.6675,1.6391,1381.9954,1336.73,1.9934,2.0548,644.6729,642.632,0.0445,0.0468
L1_L2_f117,1,exploit,144c4f611418ecb424bbf8f084e33de6ba8ca15874b8a95f006a10b18e844b73,True,0.0001,1.6721,1.6237,1398.6997,1346.4,1.9973,2.0129,643.9367,643.238,0.0465,0.0461
L1_L2_f117,1,exploit,69e259dd772726741dc8530e8c5aadc095a52fe0c8da1ef2a75bd37fac9d9127,True,0.0001,1.6738,1.5914,1409.9964,1360.77,2.0052,1.9662,645.3156,644.935,0.0458,0.0459
L1_L2_f117,1,exploit,2d07fc8c4851b0f448ce251a31e14bd8fb9ce4a53efc81709f527cc26fe6e223,True,0.0,1.6754,1.6567,1389.0978,1365.96,2.0127,2.0817,643.1829,646.264,0.045,0.0475
L1_L2_f117,1,explore,78e2f8f3ed76b03d3f60d7eb5aa4222fdf94e90c74872f2c7b907e5736d9d5b5,False,0.0,3.6762,,1430.5892,,4.737,,632.242,,0.0433,
L1_L2_f117,1,explore,0d808e56ea76ca3373a12906e8e9bb4decf2ab4dd9059b0d106521f471e799b2,False,0.0,3.652,,1372.2573,,4.7747,,616.8694,,0.073,
L1_L2_f117,1,control,47b4df39af8d78ca4c1a2d52ecfdc9dc123767eaa9bf036f3b660b9fa9a7f4d7,False,0.0,2.2383,,1377.0943,,2.5779,,636.2647,,0.0313,
L1_L2_f117,2,exploit,83659ee7d856dd795bf2309b9d0a2d8afe99bcfc92fb9e563c50ec18b077bcfa,True,0.019,1.6168,1.5922,1397.7965,1326.34,1.91,1.9593,646.3772,642.281,0.0452,0.0502
L1_L2_f117,2,exploit,01e0398e2c6a1e4082aed16b33c3b561218a662af80b577df390c9944edfe933,True,0.0076,1.6281,1.6186,1376.2164,1320.79,1.9254,2.0017,644.916,642.304,0.0462,0.0486
L1_L2_f117,2,exploit,370d920d41d81dcefd1e6ed35817ffc2f7a55b079fbfbb651a8e910358c06890,True,0.0065,1.6299,1.5759,1393.367,1334.78,1.9329,1.9598,645.1618,643.222,0.0462,0.0495
L1_L2_f117,2,exploit,9220d88ef0ee6261ee37b077425d65bea548310524b8b440b13bd03819248697,True,0.0062,1.6305,1.598,1399.3558,1339.84,1.9269,1.9816,646.3357,643.677,0.0443,0.0478
L1_L2_f117,2,exploit,125e96c8e0deda72182b02b8212d57dc9cee078662353c2795e6c56637976910,True,0.0059,1.6311,1.6053,1387.5427,1340.91,1.9277,1.9914,645.1415,643.594,0.0468,0.0489
L1_L2_f117,2,explore,46ae3c9e8500c05a7ae93dc8f009651984cabe71d401c74cbc7e40bbbc8c1e8a,False,0.0,3.9318,,1461.9093,,5.2769,,619.1723,,0.057,
L1_L2_f117,2,explore,b9132488d9886a10fb0c6f89892e2598fb632b25315136580f8be4d97992824b,False,0.0,3.8019,,1451.8388,,5.017,,624.3156,,0.0566,
L1_L2_f117,2,control,c9955b1b4de2def058b9ea747d60fd206928f53b858d17afacab9269c568fc37,True,0.0,1.8753,1.8182,1350.2086,1309.6,2.2087,2.251,634.5133,623.249,0.038,0.048
L1_L2_f117,3,exploit,5023db2ddfc7d4a937796f5b6bfb5efeb60111fa256924ec3a3e438b71613422,True,0.3917,1.5588,1.6104,1391.6263,1338.91,1.8305,1.9713,644.8178,643.433,0.0466,0.0486
L1_L2_f117,3,exploit,e57f17c4ee0636126e092148360524c6cdc41f483874a79070ec3858399c741e,True,0.3083,1.5661,1.593,1368.025,1338.22,1.8297,1.9856,642.9209,643.981,0.0483,0.0508
L1_L2_f117,3,exploit,6fced6ed3a5e9d0c2d69e19424895643f86fa35962b3609122e1acb7067de636,True,0.3039,1.5665,1.587,1391.3023,1323.8,1.8436,1.9637,645.6792,641.551,0.0466,0.0501
L1_L2_f117,3,exploit,599b3692bf3b419110d032e88f0145127517c3c36f1a110d3273b2bc44c7f546,True,0.2871,1.5681,1.6182,1371.8169,1327.98,1.8453,1.9943,642.7441,642.74,0.0481,0.05
L1_L2_f117,3,exploit,a573dae07e0fa045c250ec966dbf1c275fa877de128e6fd97b8a2712d264658e,True,0.2855,1.5682,1.65,1383.1436,1346.46,1.8334,2.044,643.8958,642.148,0.0451,0.0481
L1_L2_f117,3,explore,d32a03d0fff02d30eaec9431849a6156d1d7f6ccf4d166e8cccd38c3f16f6b07,True,0.2041,1.5766,1.5833,1377.3823,1324.13,1.8451,1.9563,643.3095,641.69,0.0474,0.0505
L1_L2_f117,3,explore,0cb13c23a390b4be0e205923619a0206bd4dcd474a162e1862cac2231f6df2bf,True,0.2104,1.5759,1.5969,1379.4385,1331.09,1.8443,1.977,643.3557,642.499,0.0476,0.0499
L1_L2_f117,3,control,06722bcaa6d3f4153f652a02a8b254ffae709e86794ad094126062d1045dae9c,True,0.0,1.8483,1.8755,1413.7961,1415.46,2.1787,2.4088,640.5631,643.943,0.0464,0.0499
