segment,feed,db_n,db_min_f_r,db_best_efpd,db_best_bu,db_max_efpd,db_max_bu,db_best_pair,db_best_split,bias_n,bias_n_tail,f_r_bias_tail,f_r_bias_all,f_r_mae,cyclen_bias,store_min_f_r_true,mesh_min_pred_f_r,mesh_n_feasible,mesh_pred_cyclen,mesh_ceiling_cyclen,mesh_pair,corrected_floor,gap_total,gap_pool,gap_data,gap_search,verdict
5.0,101,56,1.5295,565.1,52.8,565.7,52.85,E1_E2,"E1 x60, E2 x41",100,40,0.025404314427593888,0.0022664461281402494,0.06020499560598678,-0.3469873317301233,1.7536,,-1,,,,,,,0.22409999999999997,,not-in-mesh
5.0,105,90,1.5235,583.2,52.44,586.1,52.69,E1_E2,"E1 x56, E2 x49",40,40,-0.033551234946455503,-0.033551234946455503,0.08017943910032535,0.05288062670695126,1.6878,1.7333460496225033,0,,576.5365123906702,E1_E2,1.7668972845689588,0.2098460496225032,0.2433972845689587,0.1642999999999999,0.07909728456895881,pool-starved
5.0,109,57,1.529,584.3,50.65,601.5,52.13,E5_E6,"E6 x65, E5 x44",100,40,0.019617861835444377,-0.0080795513592325,0.061478873630719647,0.08255914512683603,1.7011,1.565374885957672,0,,592.8294893251727,E1_E2,1.5457570241222276,0.03637488595767202,0.01675702412222768,0.17210000000000014,-0.15534297587777246,model-biased
5.0,113,88,1.5329,612.4,51.2,617.1,51.58,E1_E2,"E2 x69, E1 x44",100,40,0.025879729943367697,0.01123942971650598,0.07239321561414246,0.2588523119611409,1.6233,1.5456686128521286,1,606.8352794099685,609.7196578123089,E1_E2,1.519788882908761,0.012768612852128713,-0.013111117091239022,0.09040000000000004,-0.10351111709123906,model-right
5.0,117,74,1.5224,628.8,50.77,629.5,50.81,E1_E2,"E2 x65, E1 x52",100,40,0.026699301189558305,0.009245735785069613,0.04629067276986458,-0.4036839935345381,1.5368,1.5112959192884816,70,624.2856573627937,627.5767556464664,E1_E2,1.4845966180989234,-0.01110408071151836,-0.03780338190107657,0.014399999999999968,-0.05220338190107654,model-right
5.0,121,96,1.4971,634.6,49.56,637.2,49.76,E3_E4,"E4 x81, E3 x40",100,40,0.027188736632695526,-0.004724451010602953,0.032023220157179295,-0.0773469947684589,1.4636,1.4943275732383727,377,639.1590648023855,641.082402255651,E1_E2,1.4671388366056772,-0.002772426761627367,-0.029961163394322865,-0.033500000000000085,0.0035388366056772202,model-right
5.1,101,435,1.5005,569.1,53.32,573.2,53.6,J1_J2,"J1 x68, J2 x33",100,40,0.023040444641740217,0.0014144795423449085,0.05069485141209412,0.4824244599439226,1.7101,,-1,,,,,,,0.2096,,not-in-mesh
5.1,105,88,1.5323,583.9,52.53,587.6,52.84,J7_J8,"J7 x72, J8 x33",21,21,-0.08956737800315,-0.08956737800315,0.11433905296543892,-0.848188464301004,1.8366,1.663731935120014,0,,585.2936292832526,J1_J2,1.753299313123164,0.13143193512001394,0.220999313123164,0.3043,-0.083300686876836,pool-starved
5.1,109,89,1.5321,608.1,52.66,612.2,53.1,J7_J8,"J7 x60, J8 x49",100,40,0.01586478005140975,-0.007590372047434107,0.049860131490819394,0.059552717928689845,1.6796,1.6049914646076515,0,,599.5590536055421,J1_J2,1.5891266845562417,0.0728914646076515,0.057026684556241714,0.14749999999999996,-0.09047331544375825,pool-starved
5.1,113,89,1.5261,620.6,51.95,623.0,52.08,J1_J2,"J1 x60, J2 x53",44,40,-0.014353807731237117,-0.020400698948309468,0.032874355529486476,0.02165770051159267,1.6,1.5965112641645465,0,,617.2934352083286,J1_J2,1.6108650718957835,0.07041126416454646,0.08476507189578353,0.07390000000000008,0.010865071895783451,pool-starved
5.1,117,100,1.518,632.4,51.14,638.1,51.5,J1_J2,"J1 x84, J2 x33",100,40,0.017927123509584936,0.0017393383729545553,0.034694361447189896,-0.10689612203000934,1.5177,1.519090433479954,67,632.7417630156248,632.7916604392829,J1_J2,1.501163309970369,0.0010904334799539672,-0.016836690029631063,-0.00029999999999996696,-0.016536690029631096,model-right
5.1,121,95,1.5175,638.3,49.96,644.9,50.4,J1_J2,"J2 x73, J1 x48",100,40,0.0071892609404357825,-0.0077776131967620035,0.022920542314724072,-0.014673754379234651,1.4712,1.4937424277736882,272,643.7186604206547,646.2465229233296,J1_J2,1.4865531668332523,-0.023757572226311918,-0.030946833166747734,-0.04630000000000001,0.015353166833252274,model-right
5.2,101,171,1.5115,581.6,54.47,586.4,54.9,K1_K2,"K1 x60, K2 x41",0,0,,,,,,,-1,,,,,,,,,not-in-mesh
5.2,105,154,1.5227,603.4,54.33,605.0,54.48,K1_K2,"K1 x80, K2 x25",0,0,,,,,,1.697294946821014,0,,592.8700071192666,K1_K2,,0.17459494682101395,,,,pool-starved
5.2,109,53,1.5409,624.2,54.16,625.1,54.25,K5_K6,"K5 x64, K6 x45",100,40,0.03325734317668717,0.0021895457416551325,0.06508283549062095,-0.017203122295105688,1.7254,1.595708579863236,0,,609.6745226551234,K1_K2,1.5624512366865488,0.05480857986323606,0.021551236686548902,0.1845000000000001,-0.1629487633134512,pool-starved
5.2,113,28,1.5442,634.4,53.12,637.7,53.37,K5_K6,"K5 x61, K6 x52",55,40,-0.007545244200610779,-0.02310746180742895,0.04091363439000528,-0.15148694189853235,1.6116,1.6163709863503706,0,,631.290547499082,K1_K2,1.6239162305509813,0.07217098635037056,0.07971623055098132,0.0673999999999999,0.01231623055098141,pool-starved
5.2,117,392,1.5168,647.4,52.35,651.2,52.63,K1_K2,"K1 x61, K2 x56",100,40,0.02114569328805992,-0.00016184572636368077,0.025372176688277105,-0.21384243690619997,1.5234,1.5354037187978222,44,645.2933751663645,647.1433419650626,K1_K2,1.5142580255097624,0.0186037187978223,-0.0025419744902375196,0.006600000000000161,-0.009141974490237681,model-right
5.2,121,68,1.5231,656.1,51.36,659.3,51.58,K1_K2,"K2 x65, K1 x56",100,40,-0.012181923562928748,-0.01671810546349662,0.03317005670097957,-0.05055079614792021,1.4902,1.487100643633018,308,657.0254376751909,660.0569767386884,K1_K2,1.4992825671959469,-0.035999356366981816,-0.023817432804053018,-0.03289999999999993,0.009082567195946911,model-right
5.3,101,225,1.5137,592.5,55.47,595.4,55.75,L3_L4,"L3 x64, L4 x37",100,40,0.03116379089881436,0.0018488069915916006,0.059728149662211925,0.2671669615100745,1.7515,,-1,,,,,,,0.2378,,not-in-mesh
5.3,105,411,1.5059,612.0,55.1,613.4,55.23,L5_L6,"L5 x80, L6 x25",48,40,0.011560752225436694,-0.028999648762416567,0.07070321008190988,-0.1182266452006407,1.8046,1.7244361943900477,0,,593.8729942049213,L1_L2,1.712875442164611,0.21853619439004768,0.20697544216461106,0.29869999999999997,-0.09172455783538891,pool-starved
5.3,109,120,1.5304,635.7,55.16,637.1,55.28,L3_L4,"L3 x60, L4 x49",100,40,0.05123203035481992,0.0036180488656224765,0.0617680505143495,0.2961672344519195,1.6846,1.619675229731413,0,,615.3017151998969,L1_L2,1.568443199376593,0.089275229731413,0.03804319937659306,0.15420000000000011,-0.11615680062340705,pool-starved
5.3,113,71,1.5394,646.8,54.13,649.3,54.35,L3_L4,"L3 x61, L4 x52",73,40,0.008380124130147942,-0.002012729681778616,0.04998574638738287,0.2671512943327359,1.7452,1.598460143278712,0,,635.1960740081138,L1_L2,1.590080019148564,0.059060143278711896,0.050680019148563904,0.20579999999999998,-0.15511998085143608,pool-starved
5.3,117,145,1.5315,649.2,42.44,661.3,53.47,L1_L2,"L2 x60, L1 x57",100,40,0.013491096848007584,0.010147422616628137,0.03851183499283611,-0.18261597492675605,1.5409,1.5216610406061348,11,638.7552254569679,649.9561872614192,L1_L2,1.5081699437581273,-0.009838959393865254,-0.023330056241872787,0.009399999999999853,-0.03273005624187264,model-right
5.3,121,99,1.5198,661.8,51.79,671.2,52.5,L1_L2,"L1 x61, L2 x60",100,40,0.004823127463643795,-0.009215755647574264,0.018064828833692093,0.1707249435776646,1.4911,1.4851835484969718,293,663.1287649732905,667.5020529544071,L1_L2,1.4803604210333279,-0.03461645150302828,-0.03943957896667216,-0.028699999999999948,-0.010739578966672214,model-right
5.4,101,204,1.4958,603.7,56.55,610.7,57.18,N3_N4,"N3 x64, N4 x37",87,40,0.009482693263400715,-0.015640161698748985,0.06510601102390381,0.3487816760836262,1.7471,,-1,,,,,,,0.2513000000000001,,not-in-mesh
5.4,105,242,1.5024,621.3,55.99,627.6,56.52,N1_N2,"N1 x64, N2 x41",52,40,0.007319857671310148,0.0010126454799024981,0.04832536399689169,0.2457901725980426,1.7533,1.601009045015913,0,,611.0597185120914,N1_N2,1.5936891873446029,0.09860904501591294,0.0912891873446029,0.2509000000000001,-0.15961081265539723,pool-starved
5.4,109,142,1.538,649.9,56.4,649.9,56.41,N3_N4,"N3 x60, N4 x49",100,40,0.016772210474566368,-0.008200726931803883,0.05346871627521585,-0.14182676467732336,1.694,1.5779683098451622,0,,629.2245323486393,N1_N2,1.5611960993705958,0.0399683098451622,0.023196099370595746,0.15599999999999992,-0.13280390062940417,pool-starved
5.4,113,23,1.5374,659.7,55.24,660.8,55.35,N1_N2,"N1 x61, N2 x52",100,40,0.006394156487742037,0.0007952754751998992,0.03370866863185991,-0.1393120835147795,1.4961,1.5145133409443945,255,643.7195382523198,647.6041693885232,N1_N2,1.5081191844566524,-0.022886659055605607,-0.029280815543347716,-0.041300000000000114,0.012019184456652399,model-right
5.4,117,80,1.5249,675.8,54.64,676.2,54.67,N3_N4,"N3 x60, N4 x57",100,40,0.01182137286346278,0.0018610095384801939,0.04505012984052276,-0.23583472515925563,1.577,1.5414505518895671,2,653.3070881333135,667.1358485353123,N1_N2,1.5296291790261043,0.016550551889567222,0.004729179026104369,0.052100000000000035,-0.047370820973895666,model-right
5.4,121,78,1.5202,680.8,53.28,685.9,53.67,N1_N2,"N2 x61, N1 x60",100,40,0.016176282556850347,-0.005431140326201827,0.03517807687021866,-0.20931317823738596,1.4932,1.493717090111148,133,680.0912474565135,685.0021294934196,N1_N2,1.4775408075542977,-0.026482909888851935,-0.042659192445702265,-0.026999999999999913,-0.015659192445702352,model-right
5.5,101,180,1.5104,612.4,57.38,620.6,58.1,H3_H4,"H3 x60, H4 x41",100,40,0.032580787648272505,-0.0027453153100946027,0.06652692215825308,0.35093662432807377,1.7488,,-1,,,,,,,0.23839999999999995,,not-in-mesh
5.5,105,190,1.511,630.0,56.7,639.6,57.59,H3_H4,"H3 x68, H4 x37",100,40,0.013219329475080139,-0.003548534583093803,0.05484462556784295,-0.3038698888791669,1.7361,1.6755435761577078,0,,625.392705801711,G3_G4,1.6623242466826276,0.16454357615770787,0.15132424668262767,0.22510000000000008,-0.0737757533173724,pool-starved
5.5,109,19,1.5449,661.6,57.41,662.1,57.46,G3_G4,"G3 x56, G4 x53",100,40,0.055274708339305964,0.003071648578145134,0.0646626298808606,0.15993740343260923,1.706,1.71699738610746,0,,644.1244960761824,G3_G4,1.6617226777681542,0.17209738610746017,0.11682267776815425,0.16110000000000002,-0.04427732223184577,pool-starved
5.5,113,16,1.545,665.3,55.72,676.1,56.58,H3_H4,"H4 x57, H3 x56",100,40,0.016733106808006153,0.004303746950182816,0.04631055454438873,0.2514614604075143,1.6454,1.5896342612831786,0,,663.5312436001803,G3_G4,1.5729011544751725,0.04463426128317871,0.027901154475172607,0.10040000000000004,-0.07249884552482744,pool-starved
5.5,117,31,1.5346,677.7,54.84,683.2,55.25,H3_H4,"H4 x64, H3 x53",100,40,0.016732511909934532,0.0007650585032953106,0.042509833614698914,-0.2152545294055369,1.6121,1.5822985707870194,0,,686.1936810138973,G3_G4,1.5655660588770848,0.047698570787019445,0.030966058877084812,0.07750000000000012,-0.04653394112291531,pool-starved
5.5,121,70,1.5168,689.7,53.97,699.1,54.7,H3_H4,"H4 x61, H3 x60",100,40,0.0311560667237042,0.012623170046811733,0.04646436171061714,-0.08971945089374003,1.4972,1.5330212431528685,17,690.9468444548515,700.1234609812457,G3_G4,1.5018651764291642,0.016221243152868547,-0.014934823570835754,-0.01959999999999984,0.004665176429164086,model-right
