cell,e_target,e_targets,n_targets,library_id,pair,e_core_pair,pair_spread,node_e_core,feed,per_fa_tU,M_HM_tU,n_candidates,n_in_band,n_feasible,pred_cyclen,sigma_cyclen,pred_f_r,pred_f_q,pred_cbc_max,pred_ao_abs,pred_max_pin_bu,B_cycle,B_d,min_pred_f_r,max_pred_cyclen_any,ref_cyclen,ref_f_r,n_store_feed,n_store_feed_ecore,n_store_feed_lib,n_store_pair_feed,in_distribution,node_record_id,node_origin,seconds,ceil_cyclen,ceil_B_cycle,ceil_B_d,n_pareto,pareto_min_f_r,pareto_min_f_r_cyclen,pareto_cyclen_span,pareto_f_r_span
e5.0_f105,5.0,5.0,1,ga80,E1_E2,5.0,0.0,,105,0.42337,102.031,1200,1200,0,,,,,,,,,,1.7398870915172724,575.5579871098826,575.5579871098826,1.778245232223393,285,40,285,15,False,,,160.3,575.5579871098826,22.4681465697549,51.56974593629458,0,,,,
e5.0_f109,5.0,5.0,1,ga80,E1_E2,5.0,0.0,,109,0.42337,102.031,1200,1200,0,,,,,,,,,,1.5951457530764537,590.9647637737546,590.9647637737546,1.659325672795352,3934,489,1763,177,False,,,164.0,590.9647637737546,23.069583304200336,51.007060333140195,0,,,,
e5.0_f113,5.0,5.0,1,ga80,E1_E2,5.0,0.0,,113,0.42337,102.031,1200,1200,0,,,,,,,,,,1.599208905694612,609.3974423515538,609.3974423515538,1.6578299379867238,665,134,653,134,False,,,164.9,609.3974423515538,23.78914264180728,50.73613607677482,0,,,,
e5.0_f117,5.0,5.0,1,ga80,E1_E2,5.0,0.0,5.0,117,0.42337,102.031,1200,1200,3,623.7502106261685,1.895916983152507,1.528236279030867,1.9227442775437893,1299.715132787365,0.0408625475337834,70.66743907619848,24.34931570937156,50.15542808511577,1.528236279030867,629.6851612107752,,,3587,796,2213,501,False,c324c05d138021cc5174ca41c0314523493b4d7310b63a8128b35d65ea3a3706,elite,164.2,629.6851612107752,24.581117475105778,50.63290009829481,1,1.528236279030867,623.7502106261685,0.0,0.0
e5.0_f121,5.0,5.0,1,ga80,E1_E2,5.0,0.0,5.0,121,0.42337,102.031,1200,1200,388,639.8273875255527,0.4396542844599339,1.549085374828675,1.9478706538514088,1347.615065308316,0.0378137451359202,69.55825910444814,24.97691991594255,49.74741900613351,1.4948761613660753,642.1118275983797,,,44292,1317,3450,1097,True,6d5c569d6f7ace47e205d9c50450f0df8c99ac9dbe2179c4f40e56825fc982b4,elite,165.3,642.1118275983797,25.066219181663868,49.925279527115634,10,1.4948761613660753,637.0256779914492,2.801709534103452,0.0542092134625997
e5.1_f105,5.1,5.1,1,ga80,J1_J2,5.1,0.0,,105,0.42337,102.031,1200,1200,0,,,,,,,,,,1.6725759263783515,586.2398051154493,586.2398051154493,1.7550747436240908,285,21,285,21,False,,,155.1,586.2398051154493,22.885134358918705,52.52683219523245,0,,,,
e5.1_f109,5.1,5.1,1,ga80,J1_J2,5.1,0.0,,109,0.42337,102.031,1200,1200,0,,,,,,,,,,1.6553170197715878,599.6568713461998,599.6568713461998,1.6711920003714154,3934,223,1763,223,False,,,150.4,599.6568713461998,23.408898458036415,51.757289251254825,0,,,,
e5.1_f113,5.1,5.1,1,ga80,J1_J2,5.1,0.0,,113,0.42337,102.031,1200,1200,0,,,,,,,,,,1.5978009484048092,618.3890814382248,618.3890814382248,1.6062748581438755,665,44,653,44,False,,,150.7,618.3890814382248,24.14015065390371,51.48474608487429,0,,,,
e5.1_f117,5.1,5.1,1,ga80,J1_J2,5.1,0.0,5.1,117,0.42337,102.031,1200,1200,113,632.0882028385686,1.1468025221735392,1.5376468180889271,1.9469783330817263,1300.3545427114484,0.0455735474614454,71.71637180461235,24.6748056271356,50.82588167640752,1.5233669441108697,632.8053414060885,,,3587,364,2213,338,False,c32736c8229638d5a6fe1d967ba05402c1dc6c32bb47c67e494579371759bdac,elite,149.1,632.8053414060885,24.702920434186183,50.88379337298179,7,1.5233669441108697,630.1909420746342,1.897260763934355,0.0142798739780576
e5.1_f121,5.1,5.1,1,ga80,J1_J2,5.1,0.0,5.1,121,0.42337,102.031,1200,1200,304,646.6705055178052,0.909616097044138,1.5494742169253148,1.948507426322034,1332.4098329225822,0.0442379380904289,70.51392506013445,25.24405447973302,50.27948041004676,1.4925951213912327,648.5744855481015,,,44292,408,3450,150,True,82e9c787b5e2c037f08d280927b3a9ab91f94a2c2e2b1c5e34d5eeed368aeb0d,guided,153.0,648.5744855481015,25.31850296417842,50.427762102206614,12,1.4925951213912327,633.9455238775096,12.724981640295596,0.0568790955340821
e5.2_f105,5.2,5.2,1,ga80,K1_K2,5.2,0.0,,105,0.42337,102.031,1200,1200,0,,,,,,,,,,1.6987949075642812,594.8674634841498,594.8674634841498,2.0431127596151697,285,0,285,24,False,,,164.3,594.8674634841498,23.22193359917445,53.29986664191469,0,,,,
e5.2_f109,5.2,5.2,1,ga80,K1_K2,5.2,0.0,,109,0.42337,102.031,1200,1200,0,,,,,,,,,,1.6658650160673107,609.4237916948102,609.4237916948102,2.0009881766306608,3934,111,1763,135,False,,,162.6,609.4237916948102,23.790171245213994,52.60028688161994,0,,,,
e5.2_f113,5.2,5.2,1,ga80,K1_K2,5.2,0.0,,113,0.42337,102.031,1200,1200,0,,,,,,,,,,1.6204618416403975,631.1860111566465,631.1860111566465,1.6511221203171558,665,55,653,79,False,,,162.3,631.1860111566465,24.63970638763633,52.55017026035713,0,,,,
e5.2_f117,5.2,5.2,1,ga80,K1_K2,5.2,0.0,5.200000000000001,117,0.42337,102.031,1200,1200,46,646.3231067213015,1.131319261037894,1.548605859528811,1.9458976244360573,1314.1174434484738,0.0526875920519223,73.21436848500899,25.230493084756283,51.970502849797136,1.5271231783394796,647.1745796579042,,,3587,179,2213,201,False,77a1be57934ef32ffa474f1c475bc2eb3ddd8fcc3c516f984561751735254422,elite,162.8,647.1745796579042,25.263854620433325,52.03922191046522,7,1.5271231783394796,641.3602721719024,4.96283454939919,0.0214826811893313
e5.2_f121,5.2,5.2,1,ga80,K1_K2,5.2,0.0,5.2,121,0.42337,102.031,1200,1200,287,657.3277216206272,0.3694428772146018,1.5475299589095095,1.9506117514000048,1298.839912174476,0.0474509992259895,72.19900370823176,25.660079861448104,51.10809294718176,1.4965616224724694,659.7454417061832,,,44292,437,3450,416,True,21a5c3a78d827e6009661f1c4ed74999d70c4a97420d049537f752c5d3d6d510,elite,164.6,659.7454417061832,25.754585315401474,51.29632281827897,12,1.4965616224724694,648.9675107091389,8.360210911488366,0.0509683364370401
e5.3_f105,5.3,5.3,1,ga80,L1_L2,5.3,0.0,,105,0.42337,102.031,1200,1200,0,,,,,,,,,,1.757394362126364,594.4593469809286,594.4593469809286,1.8983894884700767,285,48,285,17,False,,,155.3,594.4593469809286,23.20600189182737,53.263299580289484,0,,,,
e5.3_f109,5.3,5.3,1,ga80,L1_L2,5.3,0.0,,109,0.42337,102.031,1200,1200,0,,,,,,,,,,1.6702276858935128,614.5930744829932,614.5930744829932,1.9933616748551293,3934,344,1763,107,False,,,150.3,614.5930744829932,23.991965340590227,53.04645547781876,0,,,,
e5.3_f113,5.3,5.3,1,ga80,L1_L2,5.3,0.0,,113,0.42337,102.031,1200,1200,0,,,,,,,,,,1.6709416441975298,633.9860194958864,633.9860194958864,1.8336191700549425,665,73,653,30,False,,,150.8,633.9860194958864,24.74901074822471,52.78328840993058,0,,,,
e5.3_f117,5.3,5.3,1,ga80,L1_L2,5.3,0.0,,117,0.42337,102.031,1200,1200,0,,,,,,,,,,1.557521028901187,649.2927137162369,649.2927137162369,1.9071392189206693,3587,330,2213,245,False,,,149.8,649.2927137162369,25.34654054877215,52.20954078849648,0,,,,
e5.3_f121,5.3,5.3,1,ga80,L1_L2,5.3,0.0,5.3,121,0.42337,102.031,1200,1200,302,663.4139842128,0.8811929941658073,1.5487103388704038,1.9343846094283268,1316.177743531082,0.0516867279080181,72.70973578328434,25.89766908678588,51.58130785054048,1.49095263696997,668.3141762955826,,,44292,117,3450,78,True,6b8ffff7e9f76d5e433ecb5dce816fed19a1311b6e69aa7f1523267b3ab2ffe0,elite,151.7,668.3141762955826,26.089084338929396,51.962556410594914,18,1.49095263696997,654.2100227376179,9.20396147518204,0.0577577019004338
e5.4_f105,5.4,5.4,1,ga80,N1_N2,5.4,0.0,,105,0.42337,102.031,1200,1200,0,,,,,,,,,,1.7372342449589953,611.8415299454621,611.8415299454621,1.7790499917792086,285,52,285,17,False,,,167.8,611.8415299454621,23.884552868959187,54.82073563256346,0,,,,
e5.4_f109,5.4,5.4,1,ga80,N1_N2,5.4,0.0,,109,0.42337,102.031,1200,1200,0,,,,,,,,,,1.6984116059064305,633.8755339145389,633.8755339145389,2.2694681763273485,3934,122,1763,122,False,,,164.9,633.8755339145389,24.74469770541902,54.71075364225673,0,,,,
e5.4_f113,5.4,5.4,1,ga80,N1_N2,5.4,0.0,,113,0.42337,102.031,1200,1200,0,,,,,,,,,,1.622631861309147,651.532526915252,651.532526915252,1.903952250785512,665,172,653,128,False,,,160.9,651.532526915252,25.433976484631618,54.24414453801965,0,,,,
e5.4_f117,5.4,5.4,1,ga80,N1_N2,5.4,0.0,,117,0.42337,102.031,1200,1200,0,,,,,,,,,,1.5768386980144575,668.5134379420772,668.5134379420772,2.514327999609686,3587,217,2213,217,False,,,166.0,668.5134379420772,26.09686294678375,53.7550766681614,0,,,,
e5.4_f121,5.4,5.4,1,ga80,N1_N2,5.4,0.0,5.4,121,0.42337,102.031,1200,1200,110,680.5117212131031,1.3001901298634964,1.5330353267525398,1.9205077596428064,1412.0556100487502,0.0484627078567183,73.14165604861572,26.56511286322685,52.91067933915432,1.509445191494717,684.023605760262,,,44292,30448,3450,230,True,b0692011ec5b34b11c369cd2978625972fc1012b2faed30e62be9315f5f53d7e,elite,161.8,684.023605760262,26.702335777784434,53.18399109459544,8,1.509445191494717,672.2589173802282,8.25280383287486,0.0235901352578229
e5.5_f105,5.5,5.5,1,ga80,G3_G4,5.5,0.0,,105,0.42337,102.031,1200,1200,0,,,,,,,,,,1.733501167500227,626.0864273358977,626.0864273358977,2.379889839121991,285,100,285,31,False,,,151.0,626.0864273358977,24.440633141681257,56.09707225852555,0,,,,
e5.5_f109,5.5,5.5,1,ga80,G3_G4,5.5,0.0,,109,0.42337,102.031,1200,1200,0,,,,,,,,,,1.7053491773910732,643.5822469102109,643.5822469102109,1.8476131091497383,3934,450,1763,128,False,,,150.6,643.5822469102109,25.12362016880526,55.54855468515659,0,,,,
e5.5_f113,5.5,5.5,1,ga80,G3_G4,5.5,0.0,,113,0.42337,102.031,1200,1200,0,,,,,,,,,,1.626018521328892,663.9130920561074,663.9130920561074,3.0841898953503817,665,151,653,67,False,,,150.2,663.9130920561074,25.917278529657416,55.27490376679148,0,,,,
e5.5_f117,5.5,5.5,1,ga80,G3_G4,5.5,0.0,,117,0.42337,102.031,1200,1200,0,,,,,,,,,,1.6008396152998248,686.0557803564819,686.0557803564819,1.8028696721706587,3587,365,2213,144,False,,,149.7,686.0557803564819,26.78166609324487,55.165654089504386,0,,,,
e5.5_f121,5.5,5.5,1,ga80,G3_G4,5.5,0.0,,121,0.42337,102.031,1200,1200,0,,,,,,,,,,1.5525579328235977,702.1461046710651,702.1461046710651,2.835121658656094,44292,8928,3450,406,True,,,148.8,702.1461046710651,27.409786583536885,54.593046005226356,0,,,,
e5.6_f105,5.6,5.6,1,paramA,P6253Z2G06N24_P6253Z2G10N24,5.598053478792954,0.0085267821058891,,105,0.42216,101.74,1200,1200,0,,,,,,,,,,1.8137656170902847,642.3651683816532,642.3651683816532,2.1242097097317973,285,0,0,0,False,,,167.4,642.3651683816532,25.14783237334505,57.7202628759634,0,,,,
e5.6_f109,5.6,5.6,1,paramA,P6253Z2G06N24_P6253Z2G10N24,5.598053478792954,0.0085267821058891,,109,0.42216,101.74,1200,1200,0,,,,,,,,,,1.7824154898608755,658.0625143395158,658.0625143395158,1.992625510976761,3934,0,2171,0,False,,,164.5,658.0625143395158,25.762364798646466,56.96082492177797,0,,,,
e5.6_f113,5.6,5.6,1,paramA,P6253Z2G06N24_P6253Z2G10N24,5.598053478792954,0.0085267821058891,,113,0.42216,101.74,1200,1200,0,,,,,,,,,,1.759687482100755,673.421964617596,673.421964617596,2.4433840529996447,665,0,12,0,False,,,160.6,673.421964617596,26.363669009945795,56.226940100857846,0,,,,
e5.6_f117,5.6,5.6,1,paramA,P6253Z2G06N24_P6253Z2G10N24,5.598053478792954,0.0085267821058891,,117,0.42216,101.74,1200,1200,0,,,,,,,,,,1.7555536551691102,689.4955518068175,689.4955518068175,1.9836905934735776,3587,0,1374,0,False,,,165.1,689.4955518068175,26.992930831988936,55.60082333768661,0,,,,
e5.6_f121,5.6,5.6,1,paramA,P6253Z2G06N24_P6253Z2G10N24,5.598053478792954,0.0085267821058891,,121,0.42216,101.74,1200,1200,0,,,,,,,,,,1.727362278810079,708.3230473117127,708.3230473117127,3.0649468747015263,44292,631,1991,0,True,,,162.2,708.3230473117127,27.730004889350813,55.23083618457476,0,,,,
e5.7_f105,5.7,5.7,1,paramA,P5853Z1G08N12_P6253Z1G06N24,5.700413594677216,0.1711131393121912,,105,0.42375,102.123,1200,1097,0,,,,,,,,,,1.874906536867724,657.7726776140029,657.7726776140029,1.9039972415036568,285,0,0,0,False,,,149.5,657.7726776140029,25.65444194683444,58.883052468448575,0,,,,
e5.7_f109,5.7,5.7,1,paramA,P5853Z1G08N12_P6253Z1G06N24,5.700413594677216,0.1711131393121912,,109,0.42375,102.123,1200,1142,0,,,,,,,,,,1.8367830838206205,679.9665172897124,679.9665172897124,1.92753442275933,3934,0,2171,0,False,,,150.9,679.9665172897124,26.520045811080017,58.6360645914705,0,,,,
e5.7_f113,5.7,5.7,1,paramA,P5853Z1G08N12_P6253Z1G06N24,5.700413594677216,0.1711131393121912,,113,0.42375,102.123,1200,1139,0,,,,,,,,,,1.80694220919554,699.7902592833258,699.7902592833258,1.891620896749724,665,0,12,0,False,,,151.6,699.7902592833258,27.293211154445977,58.2094149400131,0,,,,
e5.7_f117,5.7,5.7,1,paramA,P5853Z1G08N12_P6253Z1G06N24,5.700413594677216,0.1711131393121912,,117,0.42375,102.123,1200,1147,0,,,,,,,,,,1.757575043742251,713.1138319694389,713.1138319694389,1.7756051138114564,3587,0,1374,0,False,,,149.8,713.1138319694389,27.812856973789206,57.28973103148033,0,,,,
e5.7_f121,5.7,5.7,1,paramA,P5853Z1G08N12_P6253Z1G06N24,5.700413594677216,0.1711131393121912,,121,0.42375,102.123,1200,1138,0,,,,,,,,,,1.732504913183767,730.6017943537194,730.6017943537194,2.4216695360468314,44292,0,1991,0,True,,,147.3,730.6017943537194,28.49492226933075,56.75434931329513,0,,,,
e5.8_f105,5.8,5.8,1,paramA,P6253Z1G06N24_P6253Z1G08N20,5.805535636425224,0.0389163651761688,,105,0.42293,101.925,1200,1200,0,,,,,,,,,,1.8681537902734653,671.4512889925854,671.4512889925854,2.181284459745753,285,0,0,0,False,,,168.7,671.4512889925854,26.238807790605524,60.22431121462792,0,,,,
e5.8_f109,5.8,5.8,1,paramA,P6253Z1G06N24_P6253Z1G08N20,5.805535636425224,0.0389163651761688,,109,0.42293,101.925,1200,1200,0,,,,,,,,,,1.8797765195736191,691.7962084949907,691.7962084949907,2.2306082420143256,3934,321,2171,165,False,,,167.8,691.7962084949907,27.03384153481038,59.772071650360566,0,,,,
e5.8_f113,5.8,5.8,1,paramA,P6253Z1G06N24_P6253Z1G08N20,5.805535636425224,0.0389163651761688,,113,0.42293,101.925,1200,1200,0,,,,,,,,,,1.8552524394663648,711.0694894201251,711.0694894201251,2.046769367138068,665,0,12,0,False,,,164.2,711.0694894201251,27.786998051119536,59.262535666546974,0,,,,
e5.8_f117,5.8,5.8,1,paramA,P6253Z1G06N24_P6253Z1G08N20,5.805535636425224,0.0389163651761688,,117,0.42293,101.925,1200,1200,0,,,,,,,,,,1.777798814021316,731.5801418550982,731.5801418550982,2.094132817052853,3587,234,1374,22,False,,,165.9,731.5801418550982,28.588508265968663,58.88744010340553,0,,,,
e5.8_f121,5.8,5.8,1,paramA,P6253Z1G06N24_P6253Z1G08N20,5.805535636425224,0.0389163651761688,,121,0.42293,101.925,1200,1200,0,,,,,,,,,,1.798863442261283,745.1792508706134,745.1792508706134,2.442015043122596,44292,63,1991,34,True,,,166.9,745.1792508706134,29.119930892495983,57.999201199103574,0,,,,
e5.9_f105,5.9,5.9,1,paramA,P6253Z1G08N20_P6257Z1G10N12,5.908702994861528,0.1671841053106701,,105,0.42323,101.998,1200,846,0,,,,,,,,,,1.924830744015794,676.176098720745,676.176098720745,2.055971124952655,285,0,0,0,False,,,148.1,676.176098720745,26.40453147321249,60.60468652423057,0,,,,
e5.9_f109,5.9,5.9,1,paramA,P6253Z1G08N20_P6257Z1G10N12,5.908702994861528,0.1671841053106701,,109,0.42323,101.998,1200,826,0,,,,,,,,,,1.8715232632782723,699.5128382114535,699.5128382114535,2.886756338601159,3934,324,2171,0,False,,,151.3,699.5128382114535,27.31582613969116,60.39554219876669,0,,,,
e5.9_f113,5.9,5.9,1,paramA,P6253Z1G08N20_P6257Z1G10N12,5.908702994861528,0.1671841053106701,,113,0.42323,101.998,1200,1053,0,,,,,,,,,,1.8499682418676708,721.855864821767,721.855864821767,2.3074842035795395,665,12,12,0,False,,,150.4,721.855864821767,28.188316531550598,60.118444992068085,0,,,,
e5.9_f117,5.9,5.9,1,paramA,P6253Z1G08N20_P6257Z1G10N12,5.908702994861528,0.1671841053106701,,117,0.42323,101.998,1200,716,0,,,,,,,,,,1.814716583797532,738.4085879122546,738.4085879122546,2.4611689565267745,3587,100,1374,0,False,,,150.7,738.4085879122546,28.834696814197436,59.39454642924429,0,,,,
e5.9_f121,5.9,5.9,1,paramA,P6253Z1G08N20_P6257Z1G10N12,5.908702994861528,0.1671841053106701,,121,0.42323,101.998,1200,749,0,,,,,,,,,,1.808278658533127,753.3200652661614,753.3200652661614,4.097602106575779,44292,82,1991,0,True,,,143.9,753.3200652661614,29.416986803222816,58.59085801303057,0,,,,
e6.0_f105,6.0,6.0,1,paramA,P6257Z1G10N12_P6656Z2G08N12,6.025507875529617,0.0665891098390663,,105,0.42408,102.203,1200,1140,0,,,,,,,,,,1.8820019291461207,716.408198202064,716.408198202064,2.464683226466893,285,0,0,0,False,,,166.6,716.408198202064,27.91947255402308,64.08183700494821,0,,,,
e6.0_f109,6.0,6.0,1,paramA,P6257Z1G10N12_P6656Z2G08N12,6.025507875529617,0.0665891098390663,,109,0.42408,102.203,1200,1132,0,,,,,,,,,,1.8355813281854296,737.9528164811184,737.9528164811184,2.1287301006346984,3934,1,2171,0,False,,,166.2,737.9528164811184,28.759097756859333,63.586628985349535,0,,,,
e6.0_f113,6.0,6.0,1,paramA,P6257Z1G10N12_P6656Z2G08N12,6.025507875529617,0.0665891098390663,,113,0.42408,102.203,1200,1136,0,,,,,,,,,,1.7883086834037354,759.8631295302617,759.8631295302617,5.166362774594852,665,0,12,0,False,,,164.1,759.8631295302617,29.612974618348115,63.156875070990225,0,,,,
e6.0_f117,6.0,6.0,1,paramA,P6257Z1G10N12_P6656Z2G08N12,6.025507875529617,0.0665891098390663,,117,0.42408,102.203,1200,1136,0,,,,,,,,,,1.755528319219425,779.2874097885075,779.2874097885075,2.236499688531318,3587,0,1374,0,False,,,166.2,779.2874097885075,30.369967155441866,62.556940892833246,0,,,,
e6.0_f121,6.0,6.0,1,paramA,P6257Z1G10N12_P6656Z2G08N12,6.025507875529617,0.0665891098390663,,121,0.42408,102.203,1200,1135,0,,,,,,,,,,1.7401979333881372,796.354567892589,796.354567892589,2.9181493962551204,44292,0,1991,0,True,,,166.2,796.354567892589,31.035099203704213,61.81370998423731,0,,,,
