cell,e_target,feed,library_id,pair,case_3,nested_3,mono_anchor_3,min_f_r_clean_2,min_f_r_clean_3,gain,n_store_pair_feed,n_store_pair_any,passes,reject_reasons
e5.0_f109,5.0,109,ga80,E1_E2,E3_E1_E2,2,True,1.5752610779526508,1.572988680814129,-0.0022723971385218,277,2844,False,F5 gain -0.0023 not below -0.005
e5.0_f113,5.0,113,ga80,E1_E2,E3_E1_E2,2,True,1.5600260133289932,1.516331586958226,-0.043694426370767,134,2844,True,
e5.0_f117,5.0,117,ga80,E1_E2,E3_E1_E2,2,True,1.4859743613881895,1.4567079618740222,-0.0292663995141675,501,2844,True,
e5.0_f121,5.0,121,ga80,E1_E2,E3_E1_E2,2,True,1.488559843115356,1.456808909590999,-0.0317509335243568,1097,2844,True,
e5.0_f125,5.0,125,ga80,E1_E2,E3_E1_E2,2,True,1.4826274182955748,1.4484260200357726,-0.0342013982598021,450,2844,True,
e5.0_f129,5.0,129,ga80,E1_E2,E3_E1_E2,2,True,1.5130964322379117,1.4890660165666816,-0.0240304156712301,20,2844,True,
e5.1_f109,5.1,109,ga80,J1_J2,K1_J1_E1,1,False,1.6459355901392134,1.7551447895076155,0.1092091993684021,223,1343,False,F2 triple not nested (nested=1/2); F2' triple is R1 cross-spec; F4 joint-clean F_r floor 1.7551 > 1.75; F5 gain +0.1092 not below -0.005
e5.1_f113,5.1,113,ga80,J1_J2,K1_J1_E1,1,False,1.5962184642798742,1.6930873537828215,0.0968688895029474,44,1343,False,F2 triple not nested (nested=1/2); F2' triple is R1 cross-spec; F5 gain +0.0969 not below -0.005
e5.1_f117,5.1,117,ga80,J1_J2,K1_J1_E1,1,False,1.517673970207264,1.6067134572922055,0.0890394870849413,338,1343,False,F2 triple not nested (nested=1/2); F2' triple is R1 cross-spec; F5 gain +0.0890 not below -0.005
e5.1_f121,5.1,121,ga80,J1_J2,K1_J1_E1,1,False,1.4863658753395743,1.5663653892967189,0.0799995139571443,150,1343,False,F2 triple not nested (nested=1/2); F2' triple is R1 cross-spec; F5 gain +0.0800 not below -0.005
e5.1_f125,5.1,125,ga80,J1_J2,K1_J1_E1,1,False,1.5171046739150469,1.623594675019082,0.106490001104035,212,1343,False,F2 triple not nested (nested=1/2); F2' triple is R1 cross-spec; F5 gain +0.1065 not below -0.005
e5.1_f129,5.1,129,ga80,J1_J2,K1_J1_E1,1,False,1.5604396646679537,1.626770297986477,0.0663306333185234,8,1343,False,F2 triple not nested (nested=1/2); F2' triple is R1 cross-spec; F5 gain +0.0663 not below -0.005
e5.2_f109,5.2,109,ga80,K1_K2,L1_K1_J1,1,False,,,,135,963,False,F2 triple not nested (nested=1/2); F2' triple is R1 cross-spec; F4 no joint-clean 3-type core; F5 gain undefined
e5.2_f113,5.2,113,ga80,K1_K2,L1_K1_J1,1,False,1.624295200108934,1.6962519641676204,0.0719567640586864,79,963,False,F2 triple not nested (nested=1/2); F2' triple is R1 cross-spec; F5 gain +0.0720 not below -0.005
e5.2_f117,5.2,117,ga80,K1_K2,L1_K1_J1,1,False,1.535272016184683,1.60941404916716,0.0741420329824771,201,963,False,F2 triple not nested (nested=1/2); F2' triple is R1 cross-spec; F5 gain +0.0741 not below -0.005
e5.2_f121,5.2,121,ga80,K1_K2,L1_K1_J1,1,False,1.480637716059054,1.5593645922775154,0.0787268762184614,416,963,False,F2 triple not nested (nested=1/2); F2' triple is R1 cross-spec; F5 gain +0.0787 not below -0.005
e5.2_f125,5.2,125,ga80,K1_K2,L1_K1_J1,1,False,1.5084618875315754,1.606089178268125,0.0976272907365496,67,963,False,F2 triple not nested (nested=1/2); F2' triple is R1 cross-spec; F5 gain +0.0976 not below -0.005
e5.2_f129,5.2,129,ga80,K1_K2,L1_K1_J1,1,False,1.5747414997704636,1.632190537189328,0.0574490374188643,18,963,False,F2 triple not nested (nested=1/2); F2' triple is R1 cross-spec; F5 gain +0.0574 not below -0.005
e5.3_f109,5.3,109,ga80,L1_L2,N1_L1_K1,1,False,,,,107,839,False,F2 triple not nested (nested=1/2); F2' triple is R1 cross-spec; F4 no joint-clean 3-type core; F5 gain undefined
e5.3_f113,5.3,113,ga80,L1_L2,N1_L1_K1,1,False,,,,30,839,False,F2 triple not nested (nested=1/2); F2' triple is R1 cross-spec; F4 no joint-clean 3-type core; F5 gain undefined
e5.3_f117,5.3,117,ga80,L1_L2,N1_L1_K1,1,False,1.5456691487630576,1.62062421321121,0.0749550644481522,245,839,False,F2 triple not nested (nested=1/2); F2' triple is R1 cross-spec; F5 gain +0.0750 not below -0.005
e5.3_f121,5.3,121,ga80,L1_L2,N1_L1_K1,1,False,1.476351047829691,1.541061587812546,0.0647105399828549,78,839,False,F2 triple not nested (nested=1/2); F2' triple is R1 cross-spec; F5 gain +0.0647 not below -0.005
e5.3_f125,5.3,125,ga80,L1_L2,N1_L1_K1,1,False,1.5007262612253005,1.5984994667361845,0.0977732055108842,137,839,False,F2 triple not nested (nested=1/2); F2' triple is R1 cross-spec; F5 gain +0.0978 not below -0.005
e5.3_f129,5.3,129,ga80,L1_L2,N1_L1_K1,1,False,1.5780547639117222,1.6248561098160472,0.046801345904325,14,839,False,F2 triple not nested (nested=1/2); F2' triple is R1 cross-spec; F5 gain +0.0468 not below -0.005
e5.4_f109,5.4,109,ga80,N1_N2,G3_N1_L1,1,False,,,,122,1273,False,F2 triple not nested (nested=1/2); F2' triple is R1 cross-spec; F4 no joint-clean 3-type core; F5 gain undefined
e5.4_f113,5.4,113,ga80,N1_N2,G3_N1_L1,1,False,,,,226,1273,False,F2 triple not nested (nested=1/2); F2' triple is R1 cross-spec; F4 no joint-clean 3-type core; F5 gain undefined
e5.4_f117,5.4,117,ga80,N1_N2,G3_N1_L1,1,False,1.5714307934877183,1.6158149602181957,0.0443841667304771,217,1273,False,F2 triple not nested (nested=1/2); F2' triple is R1 cross-spec; F5 gain +0.0444 not below -0.005
e5.4_f121,5.4,121,ga80,N1_N2,G3_N1_L1,1,False,1.4906996132611008,1.557083439978376,0.0663838267172751,230,1273,False,F2 triple not nested (nested=1/2); F2' triple is R1 cross-spec; F5 gain +0.0664 not below -0.005
e5.4_f125,5.4,125,ga80,N1_N2,G3_N1_L1,1,False,1.5310858713712947,1.6197423454998372,0.0886564741285425,150,1273,False,F2 triple not nested (nested=1/2); F2' triple is R1 cross-spec; F5 gain +0.0887 not below -0.005
e5.4_f129,5.4,129,ga80,N1_N2,G3_N1_L1,1,False,1.611272856361547,1.623598926030509,0.0123260696689619,22,1273,False,F2 triple not nested (nested=1/2); F2' triple is R1 cross-spec; F5 gain +0.0123 not below -0.005
e5.5_f109,5.5,109,ga80,G3_G4,,0,False,,,,128,1599,False,F2 no composition-matched triple; F4 no joint-clean 3-type core; F5 gain undefined
e5.5_f113,5.5,113,ga80,G3_G4,,0,False,,,,67,1599,False,F2 no composition-matched triple; F4 no joint-clean 3-type core; F5 gain undefined
e5.5_f117,5.5,117,ga80,G3_G4,,0,False,1.5691175270838882,,,144,1599,False,F2 no composition-matched triple; F4 no joint-clean 3-type core; F5 gain undefined
e5.5_f121,5.5,121,ga80,G3_G4,,0,False,1.5201624805686265,,,406,1599,False,F2 no composition-matched triple; F4 no joint-clean 3-type core; F5 gain undefined
e5.5_f125,5.5,125,ga80,G3_G4,,0,False,1.5827522999021526,,,390,1599,False,F2 no composition-matched triple; F4 no joint-clean 3-type core; F5 gain undefined
e5.5_f129,5.5,129,ga80,G3_G4,,0,False,1.5640965365114876,,,38,1599,False,F2 no composition-matched triple; F4 no joint-clean 3-type core; F5 gain undefined
e5.6_f109,5.6,109,paramA,P6253Z2G06N24_P6253Z2G10N24,P6253Z2G10N20_P6253Z2G10N24_P6253Z2G06N24,2,True,,,,0,0,False,F3 no restart asset for this pair at any feed; F4 no joint-clean 3-type core; F5 gain undefined
e5.6_f113,5.6,113,paramA,P6253Z2G06N24_P6253Z2G10N24,P6253Z2G10N20_P6253Z2G10N24_P6253Z2G06N24,2,True,,,,0,0,False,F3 no restart asset for this pair at any feed; F4 no joint-clean 3-type core; F5 gain undefined
e5.6_f117,5.6,117,paramA,P6253Z2G06N24_P6253Z2G10N24,P6253Z2G10N20_P6253Z2G10N24_P6253Z2G06N24,2,True,1.8696763886835523,1.7319654577189485,-0.137710930964604,0,0,False,F3 no restart asset for this pair at any feed
e5.6_f121,5.6,121,paramA,P6253Z2G06N24_P6253Z2G10N24,P6253Z2G10N20_P6253Z2G10N24_P6253Z2G06N24,2,True,1.707053978828486,1.6624580817502377,-0.0445958970782482,0,0,False,F3 no restart asset for this pair at any feed
e5.6_f125,5.6,125,paramA,P6253Z2G06N24_P6253Z2G10N24,P6253Z2G10N20_P6253Z2G10N24_P6253Z2G06N24,2,True,1.6977664172090894,1.6865932854160814,-0.0111731317930079,0,0,False,F3 no restart asset for this pair at any feed
e5.6_f129,5.6,129,paramA,P6253Z2G06N24_P6253Z2G10N24,P6253Z2G10N20_P6253Z2G10N24_P6253Z2G06N24,2,True,1.726650166828598,1.7070813050815,-0.0195688617470979,0,0,False,F3 no restart asset for this pair at any feed
e5.7_f109,5.7,109,paramA,P5853Z1G08N12_P6253Z1G06N24,P6253Z1G06N24_P6253Z2G08N16_P6253Z2G06N24,1,True,,,,0,0,False,F2 triple not nested (nested=1/2); F3 no restart asset for this pair at any feed; F4 no joint-clean 3-type core; F5 gain undefined
e5.7_f113,5.7,113,paramA,P5853Z1G08N12_P6253Z1G06N24,P6253Z1G06N24_P6253Z2G08N16_P6253Z2G06N24,1,True,,,,0,0,False,F2 triple not nested (nested=1/2); F3 no restart asset for this pair at any feed; F4 no joint-clean 3-type core; F5 gain undefined
e5.7_f117,5.7,117,paramA,P5853Z1G08N12_P6253Z1G06N24,P6253Z1G06N24_P6253Z2G08N16_P6253Z2G06N24,1,True,,,,0,0,False,F2 triple not nested (nested=1/2); F3 no restart asset for this pair at any feed; F4 no joint-clean 3-type core; F5 gain undefined
e5.7_f121,5.7,121,paramA,P5853Z1G08N12_P6253Z1G06N24,P6253Z1G06N24_P6253Z2G08N16_P6253Z2G06N24,1,True,,,,0,0,False,F2 triple not nested (nested=1/2); F3 no restart asset for this pair at any feed; F4 no joint-clean 3-type core; F5 gain undefined
e5.7_f125,5.7,125,paramA,P5853Z1G08N12_P6253Z1G06N24,P6253Z1G06N24_P6253Z2G08N16_P6253Z2G06N24,1,True,,,,0,0,False,F1 already-measured cell; F2 triple not nested (nested=1/2); F3 no restart asset for this pair at any feed; F4 no joint-clean 3-type core; F5 gain undefined
e5.7_f129,5.7,129,paramA,P5853Z1G08N12_P6253Z1G06N24,P6253Z1G06N24_P6253Z2G08N16_P6253Z2G06N24,1,True,,,,0,0,False,F2 triple not nested (nested=1/2); F3 no restart asset for this pair at any feed; F4 no joint-clean 3-type core; F5 gain undefined
e5.8_f109,5.8,109,paramA,P6253Z1G06N24_P6253Z1G08N20,P6257Z2G08N16_P6253Z1G08N20_P6253Z1G06N24,2,False,,,,165,708,False,F2' triple is R1 cross-spec; F4 no joint-clean 3-type core; F5 gain undefined
e5.8_f113,5.8,113,paramA,P6253Z1G06N24_P6253Z1G08N20,P6257Z2G08N16_P6253Z1G08N20_P6253Z1G06N24,2,False,,,,0,708,False,F2' triple is R1 cross-spec; F4 no joint-clean 3-type core; F5 gain undefined
e5.8_f117,5.8,117,paramA,P6253Z1G06N24_P6253Z1G08N20,P6257Z2G08N16_P6253Z1G08N20_P6253Z1G06N24,2,False,,,,22,708,False,F2' triple is R1 cross-spec; F4 no joint-clean 3-type core; F5 gain undefined
e5.8_f121,5.8,121,paramA,P6253Z1G06N24_P6253Z1G08N20,P6257Z2G08N16_P6253Z1G08N20_P6253Z1G06N24,2,False,,,,34,708,False,F2' triple is R1 cross-spec; F4 no joint-clean 3-type core; F5 gain undefined
e5.8_f125,5.8,125,paramA,P6253Z1G06N24_P6253Z1G08N20,P6257Z2G08N16_P6253Z1G08N20_P6253Z1G06N24,2,False,,,,152,708,False,F2' triple is R1 cross-spec; F4 no joint-clean 3-type core; F5 gain undefined
e5.8_f129,5.8,129,paramA,P6253Z1G06N24_P6253Z1G08N20,P6257Z2G08N16_P6253Z1G08N20_P6253Z1G06N24,2,False,,,,0,708,False,F2' triple is R1 cross-spec; F4 no joint-clean 3-type core; F5 gain undefined
e5.9_f109,5.9,109,paramA,P6253Z1G08N20_P6257Z1G10N12,P6257Z1G10N12_P6257Z2G06N12_P6257Z2G08N16,1,True,,,,0,0,False,F2 triple not nested (nested=1/2); F3 no restart asset for this pair at any feed; F4 no joint-clean 3-type core; F5 gain undefined
e5.9_f113,5.9,113,paramA,P6253Z1G08N20_P6257Z1G10N12,P6257Z1G10N12_P6257Z2G06N12_P6257Z2G08N16,1,True,,,,0,0,False,F2 triple not nested (nested=1/2); F3 no restart asset for this pair at any feed; F4 no joint-clean 3-type core; F5 gain undefined
e5.9_f117,5.9,117,paramA,P6253Z1G08N20_P6257Z1G10N12,P6257Z1G10N12_P6257Z2G06N12_P6257Z2G08N16,1,True,,,,0,0,False,F2 triple not nested (nested=1/2); F3 no restart asset for this pair at any feed; F4 no joint-clean 3-type core; F5 gain undefined
e5.9_f121,5.9,121,paramA,P6253Z1G08N20_P6257Z1G10N12,P6257Z1G10N12_P6257Z2G06N12_P6257Z2G08N16,1,True,,,,0,0,False,F2 triple not nested (nested=1/2); F3 no restart asset for this pair at any feed; F4 no joint-clean 3-type core; F5 gain undefined
e5.9_f125,5.9,125,paramA,P6253Z1G08N20_P6257Z1G10N12,P6257Z1G10N12_P6257Z2G06N12_P6257Z2G08N16,1,True,,,,0,0,False,F2 triple not nested (nested=1/2); F3 no restart asset for this pair at any feed; F4 no joint-clean 3-type core; F5 gain undefined
e5.9_f129,5.9,129,paramA,P6253Z1G08N20_P6257Z1G10N12,P6257Z1G10N12_P6257Z2G06N12_P6257Z2G08N16,1,True,,,,0,0,False,F2 triple not nested (nested=1/2); F3 no restart asset for this pair at any feed; F4 no joint-clean 3-type core; F5 gain undefined
e6.0_f109,6.0,109,paramA,P6257Z1G10N12_P6656Z2G08N12,,0,False,,,,0,0,False,F2 no composition-matched triple; F3 no restart asset for this pair at any feed; F4 no joint-clean 3-type core; F5 gain undefined
e6.0_f113,6.0,113,paramA,P6257Z1G10N12_P6656Z2G08N12,,0,False,,,,0,0,False,F2 no composition-matched triple; F3 no restart asset for this pair at any feed; F4 no joint-clean 3-type core; F5 gain undefined
e6.0_f117,6.0,117,paramA,P6257Z1G10N12_P6656Z2G08N12,,0,False,,,,0,0,False,F2 no composition-matched triple; F3 no restart asset for this pair at any feed; F4 no joint-clean 3-type core; F5 gain undefined
e6.0_f121,6.0,121,paramA,P6257Z1G10N12_P6656Z2G08N12,,0,False,,,,0,0,False,F2 no composition-matched triple; F3 no restart asset for this pair at any feed; F4 no joint-clean 3-type core; F5 gain undefined
e6.0_f125,6.0,125,paramA,P6257Z1G10N12_P6656Z2G08N12,,0,False,,,,0,0,False,F2 no composition-matched triple; F3 no restart asset for this pair at any feed; F4 no joint-clean 3-type core; F5 gain undefined
e6.0_f129,6.0,129,paramA,P6257Z1G10N12_P6656Z2G08N12,,0,False,,,,0,0,False,F2 no composition-matched triple; F3 no restart asset for this pair at any feed; F4 no joint-clean 3-type core; F5 gain undefined
e6.1_f109,6.1,109,paramA,P6656Z1G06N24_P6656Z2G08N12,P6661Z2G10N24_P6656Z1G06N24_P6656Z2G08N12,2,False,,,,0,0,False,F2' triple is R1 cross-spec; F3 no restart asset for this pair at any feed; F4 no joint-clean 3-type core; F5 gain undefined
e6.1_f113,6.1,113,paramA,P6656Z1G06N24_P6656Z2G08N12,P6661Z2G10N24_P6656Z1G06N24_P6656Z2G08N12,2,False,,,,0,0,False,F2' triple is R1 cross-spec; F3 no restart asset for this pair at any feed; F4 no joint-clean 3-type core; F5 gain undefined
e6.1_f117,6.1,117,paramA,P6656Z1G06N24_P6656Z2G08N12,P6661Z2G10N24_P6656Z1G06N24_P6656Z2G08N12,2,False,,,,0,0,False,F2' triple is R1 cross-spec; F3 no restart asset for this pair at any feed; F4 no joint-clean 3-type core; F5 gain undefined
e6.1_f121,6.1,121,paramA,P6656Z1G06N24_P6656Z2G08N12,P6661Z2G10N24_P6656Z1G06N24_P6656Z2G08N12,2,False,,,,0,0,False,F2' triple is R1 cross-spec; F3 no restart asset for this pair at any feed; F4 no joint-clean 3-type core; F5 gain undefined
e6.1_f125,6.1,125,paramA,P6656Z1G06N24_P6656Z2G08N12,P6661Z2G10N24_P6656Z1G06N24_P6656Z2G08N12,2,False,,,,0,0,False,F2' triple is R1 cross-spec; F3 no restart asset for this pair at any feed; F4 no joint-clean 3-type core; F5 gain undefined
e6.1_f129,6.1,129,paramA,P6656Z1G06N24_P6656Z2G08N12,P6661Z2G10N24_P6656Z1G06N24_P6656Z2G08N12,2,False,,,,0,0,False,F2' triple is R1 cross-spec; F3 no restart asset for this pair at any feed; F4 no joint-clean 3-type core; F5 gain undefined
e6.2_f109,6.2,109,paramA,P6656Z1G08N20_P6661Z2G06N16,P6656Z1G10N16_P6656Z1G08N20_P6656Z1G06N24,1,True,,,,0,0,False,F2 triple not nested (nested=1/2); F3 no restart asset for this pair at any feed; F4 no joint-clean 3-type core; F5 gain undefined
e6.2_f113,6.2,113,paramA,P6656Z1G08N20_P6661Z2G06N16,P6656Z1G10N16_P6656Z1G08N20_P6656Z1G06N24,1,True,,,,0,0,False,F2 triple not nested (nested=1/2); F3 no restart asset for this pair at any feed; F4 no joint-clean 3-type core; F5 gain undefined
e6.2_f117,6.2,117,paramA,P6656Z1G08N20_P6661Z2G06N16,P6656Z1G10N16_P6656Z1G08N20_P6656Z1G06N24,1,True,,,,0,0,False,F2 triple not nested (nested=1/2); F3 no restart asset for this pair at any feed; F4 no joint-clean 3-type core; F5 gain undefined
e6.2_f121,6.2,121,paramA,P6656Z1G08N20_P6661Z2G06N16,P6656Z1G10N16_P6656Z1G08N20_P6656Z1G06N24,1,True,,,,0,0,False,F2 triple not nested (nested=1/2); F3 no restart asset for this pair at any feed; F4 no joint-clean 3-type core; F5 gain undefined
e6.2_f125,6.2,125,paramA,P6656Z1G08N20_P6661Z2G06N16,P6656Z1G10N16_P6656Z1G08N20_P6656Z1G06N24,1,True,,,,0,0,False,F2 triple not nested (nested=1/2); F3 no restart asset for this pair at any feed; F4 no joint-clean 3-type core; F5 gain undefined
e6.2_f129,6.2,129,paramA,P6656Z1G08N20_P6661Z2G06N16,P6656Z1G10N16_P6656Z1G08N20_P6656Z1G06N24,1,True,,,,0,0,False,F2 triple not nested (nested=1/2); F3 no restart asset for this pair at any feed; F4 no joint-clean 3-type core; F5 gain undefined
e6.3_f109,6.3,109,paramA,P6661Z1G06N16_P6661Z1G08N20,P6661Z1G06N12_P6661Z1G06N16_P6661Z1G08N20,2,True,,,,0,0,False,F3 no restart asset for this pair at any feed; F4 no joint-clean 3-type core; F5 gain undefined
e6.3_f113,6.3,113,paramA,P6661Z1G06N16_P6661Z1G08N20,P6661Z1G06N12_P6661Z1G06N16_P6661Z1G08N20,2,True,,,,0,0,False,F3 no restart asset for this pair at any feed; F4 no joint-clean 3-type core; F5 gain undefined
e6.3_f117,6.3,117,paramA,P6661Z1G06N16_P6661Z1G08N20,P6661Z1G06N12_P6661Z1G06N16_P6661Z1G08N20,2,True,,,,0,0,False,F3 no restart asset for this pair at any feed; F4 no joint-clean 3-type core; F5 gain undefined
e6.3_f121,6.3,121,paramA,P6661Z1G06N16_P6661Z1G08N20,P6661Z1G06N12_P6661Z1G06N16_P6661Z1G08N20,2,True,,,,0,0,False,F3 no restart asset for this pair at any feed; F4 no joint-clean 3-type core; F5 gain undefined
e6.3_f125,6.3,125,paramA,P6661Z1G06N16_P6661Z1G08N20,P6661Z1G06N12_P6661Z1G06N16_P6661Z1G08N20,2,True,,,,0,0,False,F3 no restart asset for this pair at any feed; F4 no joint-clean 3-type core; F5 gain undefined
e6.3_f129,6.3,129,paramA,P6661Z1G06N16_P6661Z1G08N20,P6661Z1G06N12_P6661Z1G06N16_P6661Z1G08N20,2,True,,,,0,0,False,F3 no restart asset for this pair at any feed; F4 no joint-clean 3-type core; F5 gain undefined
e6.4_f109,6.4,109,paramA,P6661Z1G06N12_P6661Z1G10N12,P6661Z1G10N12_P6661Z1G06N12_P6661Z1G08N16,2,True,,,,0,0,False,F3 no restart asset for this pair at any feed; F4 no joint-clean 3-type core; F5 gain undefined
e6.4_f113,6.4,113,paramA,P6661Z1G06N12_P6661Z1G10N12,P6661Z1G10N12_P6661Z1G06N12_P6661Z1G08N16,2,True,,,,0,0,False,F3 no restart asset for this pair at any feed; F4 no joint-clean 3-type core; F5 gain undefined
e6.4_f117,6.4,117,paramA,P6661Z1G06N12_P6661Z1G10N12,P6661Z1G10N12_P6661Z1G06N12_P6661Z1G08N16,2,True,,,,0,0,False,F3 no restart asset for this pair at any feed; F4 no joint-clean 3-type core; F5 gain undefined
e6.4_f121,6.4,121,paramA,P6661Z1G06N12_P6661Z1G10N12,P6661Z1G10N12_P6661Z1G06N12_P6661Z1G08N16,2,True,,,,0,0,False,F3 no restart asset for this pair at any feed; F4 no joint-clean 3-type core; F5 gain undefined
e6.4_f125,6.4,125,paramA,P6661Z1G06N12_P6661Z1G10N12,P6661Z1G10N12_P6661Z1G06N12_P6661Z1G08N16,2,True,,,,0,0,False,F3 no restart asset for this pair at any feed; F4 no joint-clean 3-type core; F5 gain undefined
e6.4_f129,6.4,129,paramA,P6661Z1G06N12_P6661Z1G10N12,P6661Z1G10N12_P6661Z1G06N12_P6661Z1G08N16,2,True,,,,0,0,False,F3 no restart asset for this pair at any feed; F4 no joint-clean 3-type core; F5 gain undefined
