n_types,rank,rep,pred_cyclen,sigma_cyclen,pred_f_r,pred_f_q,pred_cbc_max,pred_ao_abs,pred_max_pin_bu,cand_e_core,record_id,origin,cell,e_target,feed,library_id,case_id,support_class,M_HM_tU,B_cycle,B_d
2,0,min_f_r,644.7305990463159,1.3443885841769114,1.5456691487630576,1.949027571133293,1361.4230850335398,0.03987494498884801,76.20275487595296,5.299999999999999,6ddc78c25ed6641fa07bbddc7255ddfbd3f172b7f6d69d00072ed4bc06abb98c,elite,e5.3_f117,5.3,117,ga80,L1_L2,"trained (74,537 rows)",102.031,25.168326416934413,51.8424501408649
2,0,min_f_r,654.6928932064118,0.7546134354633863,1.476351047829691,1.858717773594117,1350.290189622312,0.04085051595278974,70.85221696362655,5.3,df904fc75d4cca47bcbbf516385eafd3c793c5933924709a9f8309475d69b4f9,guided,e5.3_f121,5.3,121,ga80,L1_L2,"trained (74,537 rows)",102.031,25.557224154460283,50.903231580371305
2,1,,654.7677707914581,0.9452119726133985,1.4786727107114839,1.8602987286219255,1355.193656086638,0.04047797265568839,71.11543038481268,5.3,d7c8c92f78e34dcf417196af7206b63f15c7a05485d85edb0ae8d84acf5f9392,elite,e5.3_f121,5.3,121,ga80,L1_L2,"trained (74,537 rows)",102.031,25.560147148195252,50.909053410868225
2,2,,654.892181333087,0.8177119185471621,1.4848291851669044,1.87011439460327,1355.3450093648435,0.039830458721644646,71.0201981719875,5.3,08dea2bf263714b220720f4938a222a99a2306ffd4700d10386e567a493774b9,elite,e5.3_f121,5.3,121,ga80,L1_L2,"trained (74,537 rows)",102.031,25.565003758267828,50.91872649374005
2,3,,655.035642024611,1.125894613005957,1.4856752186428013,1.8650664332666713,1363.4406476355998,0.04051696568332799,71.00187499658622,5.3,2a8c0733a0b949a5f1cac45598402fb9469349a99cc01ecf0327772cccc7afd0,elite,e5.3_f121,5.3,121,ga80,L1_L2,"trained (74,537 rows)",102.031,25.570604028392456,50.929880750765136
2,4,,657.6587147137362,1.202512048304724,1.4901537531263913,1.8795922350006444,1368.6539586284598,0.04031742512571382,71.44221161186096,5.3,109a956dcac3480872cb7141aabbc1456e91b454307994f037f2080b1eb8c866,elite,e5.3_f121,5.3,121,ga80,L1_L2,"trained (74,537 rows)",102.031,25.67300082754067,51.133828094523146
2,5,,658.4043715677615,0.6685155793860075,1.5057879749900747,1.9083062393851802,1353.0651504917987,0.040582575026408566,71.71027747513537,5.3,3214ebba6803612f5d136b3e26a1edddf9995fa536fa952fd3cb8c7edc0e9d69,elite,e5.3_f121,5.3,121,ga80,L1_L2,"trained (74,537 rows)",102.031,25.702109008732766,51.19180389342642
2,6,,658.481279394306,1.1698365460595557,1.5064977764671672,1.904468848037043,1351.9899080442292,0.04122201791606675,71.51115082643535,5.3,236153f08c56d0e9e7582fbd725b28141986592ab4d2c5f35130da3db1775ba2,elite,e5.3_f121,5.3,121,ga80,L1_L2,"trained (74,537 rows)",102.031,25.705111256935897,51.19778357786406
2,7,,658.8140678458057,0.947211335129528,1.5078992715218469,1.9082676587899383,1357.3655030712853,0.04096829786718556,71.7297836968983,5.3,aeb425c1312eaae011ba506e57b76fc5c16a035e9dc2486a7e4d5393b912db2a,elite,e5.3_f121,5.3,121,ga80,L1_L2,"trained (74,537 rows)",102.031,25.71810230837276,51.22365831667632
2,8,,659.292337641424,0.661337602209622,1.5139173297571216,1.915179615915571,1363.8094899772861,0.04019097975202397,71.56157409922073,5.3,337a67af5e063760d69ed84718e4c497af277984f15eae3369ea2c60a57f4288,elite,e5.3_f121,5.3,121,ga80,L1_L2,"trained (74,537 rows)",102.031,25.73677251008071,51.26084442090455
2,9,,661.7357990239835,0.8811123161066386,1.5218692106686442,1.9075544840293668,1320.0066479390825,0.04973980704143642,73.02738443355204,5.3,bbb7c5991741a04e93e162bf0c5a92916dfbc990705dea7be8436a22e3897b00,guided,e5.3_f121,5.3,121,ga80,L1_L2,"trained (74,537 rows)",102.031,25.83215782877723,51.450826749878615
2,10,knee,662.5479992497058,0.8102682361129268,1.524701582077979,1.9106325322529594,1324.6977137953022,0.04917180025080793,72.73743895332498,5.3,f30a050740867e402f72084cfed447eef63cc09b3b8e3b879896779703a5a32a,elite,e5.3_f121,5.3,121,ga80,L1_L2,"trained (74,537 rows)",102.031,25.863863661301888,51.513976383254175
2,11,,662.6028682207065,0.746264991308405,1.5367697690242403,1.9203539456891279,1342.8308297154535,0.050917312377556825,72.65837959701561,5.3,0940ab0f5333cad4343e5438609e2b4f5d2447ed05e8cc20158209c184455d5e,elite,e5.3_f121,5.3,121,ga80,L1_L2,"trained (74,537 rows)",102.031,25.86600557945243,51.518242517752356
2,12,,663.4857676529678,0.5132641617975616,1.5387452445666001,1.9263819466325915,1344.010658767107,0.05092979956199728,73.02124462749768,5.3,e06a1dacf970ae3546e91733ef56064170ebac197dd602edacbfbaa086d6c0db,elite,e5.3_f121,5.3,121,ga80,L1_L2,"trained (74,537 rows)",102.031,25.900471294492707,51.58688910721274
2,13,max_cyclen,663.847501323554,0.7808641320567774,1.5451737367808613,1.940147140613898,1349.2932057337948,0.04775658368602627,73.43250158122748,5.3,2ec8a0a60fe4a0c94c490414364dc45f3349a2d03886969de02c9bcd75c75524,elite,e5.3_f121,5.3,121,ga80,L1_L2,"trained (74,537 rows)",102.031,25.914592279460347,51.61501437479292
3,0,min_f_r,663.7809010601352,1.4430559038822577,1.541061587812546,1.9206003782974812,1478.845936836697,0.041336335817584946,71.74639697171403,5.292561983471075,a7387c19ee8cd2c5dcc7ebf1bbd6da5346f97b0c5cd427c73f54e82c98af256c,elite,e5.3_f121,5.3,121,ga80,N1_L1_K1,SPARSE (60 rows / 39 in train),102.031,25.91199240724759,51.60983611691462
3,1,,664.2577823615757,1.170441555082526,1.543672765710159,1.9247922807707787,1478.479989731888,0.04302970665629019,71.92353214933716,5.292561983471075,ce341a97e5b276882ef57efe13af9e7b45bea3fbc16921a15deb30fbdee9909d,elite,e5.3_f121,5.3,121,ga80,N1_L1_K1,SPARSE (60 rows / 39 in train),102.031,25.93060840635565,51.64691426389844
3,2,knee,664.4921635251937,1.2813536171722326,1.5481839225963592,1.9273477922044164,1482.5628155556326,0.041357320418467236,71.59555142197256,5.295867768595042,809dad24af9b5b958679522e9b3520a289943c9b8d0e01fbcd9323274b762d5b,elite,e5.3_f121,5.3,121,ga80,N1_L1_K1,SPARSE (60 rows / 39 in train),102.031,25.939757935850054,51.66513770694101
3,3,max_cyclen,664.9466555065287,1.3059815132905737,1.5484682001782109,1.9332424220686344,1491.9362827593368,0.04114351217183193,71.97910550993117,5.292561983471075,b1e0885f496dfd45f9efc109577a0c426a4a4199de334e435d15d08fbc393492,elite,e5.3_f121,5.3,121,ga80,N1_L1_K1,SPARSE (60 rows / 39 in train),102.031,25.957499923832383,51.70047505490582
2,0,min_f_r,661.6200360110995,0.7267042599182222,1.5007262612253003,1.9052721260927235,1369.9955751389386,0.039575919896332024,70.87659982860025,5.3,8a208438c85931eef85f884b125f79ade9778bcaf1c30985683a0decacce7dd7,elite,e5.3_f125,5.3,125,ga80,L1_L2,"trained (74,537 rows)",102.031,25.82763879198949,49.79568759095574
2,1,,662.0499941578531,1.0419457893578288,1.5021675546451472,1.9058740218763908,1366.774012791185,0.0401674160144086,70.85597059517507,5.3,b22a1a110221d09ac8b596c3c03fdab9e3885ca52a825f2fa0691a882fad8cba,elite,e5.3_f125,5.3,125,ga80,L1_L2,"trained (74,537 rows)",102.031,25.84442305350759,49.828047647162634
2,2,,662.2852698644757,1.1483275253218888,1.5035804686239078,1.9143393869929608,1368.6579804129997,0.03916263473549304,71.11376453307871,5.3,fb7f588c5f17892d9f9e524f149f4d37700aae87ed35883a6c9c93449432d200,elite,e5.3_f125,5.3,125,ga80,L1_L2,"trained (74,537 rows)",102.031,25.85360750324677,49.84575526625977
2,3,,664.0932793053518,0.573467226074154,1.522328301460907,1.9435313214523995,1356.5799803314237,0.04120142077650888,71.18662868289178,5.3,88abaa952bd5bf41b1ea3bedcebd247f1f7627185a1198c70cf06352f5d83f24,elite,e5.3_f125,5.3,125,ga80,L1_L2,"trained (74,537 rows)",102.031,25.924186706157535,49.98183196947173
2,4,,664.7437215527862,0.4173653602517399,1.5312210006804394,1.9542761743309036,1363.8199665616999,0.041533183139653186,71.15908180201507,5.3,322cfe91a0fd9e01876df0a7c6342c53b06d627b2fd0c86e1bd1f231939bef90,elite,e5.3_f125,5.3,125,ga80,L1_L2,"trained (74,537 rows)",102.031,25.949577997997892,50.030786380139936
2,5,knee,664.8284606495791,0.7129987558729952,1.5460076381780972,1.9670552511125066,1348.3403811773533,0.04304158078839356,71.48684861626643,5.3,78417ed331bf9c0f3793d33c3897f05cfcc8fbb347c5cce17855e618c855b6a6,elite,e5.3_f125,5.3,125,ga80,L1_L2,"trained (74,537 rows)",102.031,25.95288595523075,50.03716412168489
2,6,,667.6787069464043,1.2654173589596427,1.548438525690212,1.95452171440022,1316.9901673246347,0.05223157671110537,72.56990248154933,5.3,9dab7a8bd1c394dea76fdb0dd91d947f53565fdbc6b8b9a1d9c0973650504db7,guided,e5.3_f125,5.3,125,ga80,L1_L2,"trained (74,537 rows)",102.031,26.064150922758685,50.251682979078744
2,7,max_cyclen,668.6934673006218,1.6050220705703768,1.548439772542447,1.952635108426663,1318.5487988982181,0.05216470193079128,72.53224997024904,5.3,8691d7780aa9a33d6011a756b598fbed06b8a2e575cda45a4a6b0a3b474e1613,guided,e5.3_f125,5.3,125,ga80,L1_L2,"trained (74,537 rows)",102.031,26.103764088114403,50.32805716188457
2,0,min_f_r,673.0986036018334,0.9859730533198336,1.4906996132611008,1.8726433304858305,1445.6191826524168,0.04113918718101664,72.48002331594648,5.4,97c113c90cd8518d557c7b2e3939a3923ab22d6c4b5e39e7a69bd7a6aa9c98ea,elite,e5.4_f121,5.4,121,ga80,N1_N2,"trained (74,537 rows)",102.031,26.275727243739365,52.33429971686931
2,1,knee,674.2107755351067,0.6204408250671571,1.4932347072242163,1.8790595755673951,1443.2445560095475,0.040513371126857003,72.07426115218357,5.4,254cd964e1516c4d3f7e59d848c6c8feeb79837383c5459e043efd9b912ed00d,elite,e5.4_f121,5.4,121,ga80,N1_N2,"trained (74,537 rows)",102.031,26.319143061586043,52.420772544150715
2,2,,674.4155687330991,0.958646655090526,1.5046831908523275,1.8916661479496175,1466.206769205261,0.03926029857071615,72.3355384718669,5.4,a65a79d613001258708b655e8d06eeed2c8aa14df8eff4bc20f07dc46f7e16ea,elite,e5.4_f121,5.4,121,ga80,N1_N2,"trained (74,537 rows)",102.031,26.327137566674946,52.43669548403852
2,3,,674.9576654498671,0.942584869167254,1.5083617213597948,1.892131401249088,1454.4124128185717,0.041117815876264244,72.40446350280473,5.4,fa9882bcc638b0525eb3aa82d8ab172d7327504a68e87fd011b8c842edab80a7,elite,e5.4_f121,5.4,121,ga80,N1_N2,"trained (74,537 rows)",102.031,26.348299377728036,52.47884421514427
2,4,,676.2808960330165,1.2248843099214035,1.5126724873625705,1.9057017093926445,1438.8864847980517,0.04212230705490019,72.94050977645388,5.4,e1db38af0322c4511d6ca69ee8b7db7a2d13992288b8ad3fd2b0b99447ed1b99,guided,e5.4_f121,5.4,121,ga80,N1_N2,"trained (74,537 rows)",102.031,26.39995428489521,52.581727129419384
2,5,,676.487918030357,0.8644714801302976,1.5177134295035215,1.915450979042739,1436.439873001993,0.041605965896917306,72.9887958841554,5.4,84f6b10824c62cde6df0049882c70c2b51725653668e6d9bb56594c252794fa3,elite,e5.4_f121,5.4,121,ga80,N1_N2,"trained (74,537 rows)",102.031,26.40803579554828,52.59782336138129
2,6,,676.9851927938973,1.3644829117887725,1.5202164540444392,1.9151408852197014,1445.3808591910956,0.041763214759540895,72.98046039966485,5.4,3c2348d193518768f21caf4082b2e22578b1fc45cd5f08ebc472cd5f1c17b965,elite,e5.4_f121,5.4,121,ga80,N1_N2,"trained (74,537 rows)",102.031,26.427447893541146,52.63648712680509
2,7,,677.574504139984,0.7454493463704729,1.5244480218059198,1.9240398845410247,1445.598557917784,0.04108832396031886,72.87304454833132,5.4,42be9b6764c0a72c7373b5b397658ecaddbdaefb4ba98cb9ef0048a24db71abf,elite,e5.4_f121,5.4,121,ga80,N1_N2,"trained (74,537 rows)",102.031,26.45045282046946,52.68230685729868
2,8,,679.234247043404,1.129278035871381,1.5372570482836605,1.9217134829657778,1417.1896432426834,0.04958214141993018,74.26606964395644,5.4,73767a0564ec1c615943353b604c61404ee3fcca3d68fa267ae81c2be795adac,elite,e5.4_f121,5.4,121,ga80,N1_N2,"trained (74,537 rows)",102.031,26.51524414761177,52.811354046069724
2,9,max_cyclen,680.3031196953076,1.2719320676748127,1.5410468055323465,1.9307813521699682,1426.9984254479405,0.04855223117146668,74.5389794765857,5.4,61e327f6efbbb3d4bf66094313bb14e85be984b3f64c7a82d253ee08832384e0,elite,e5.4_f121,5.4,121,ga80,N1_N2,"trained (74,537 rows)",102.031,26.556969692887638,52.8944602974043
2,0,min_f_r,681.3958074362329,0.9799724735178542,1.5310858713712947,1.918433609856615,1442.7756872890668,0.04056749728127405,72.19349906461636,5.4,7382df2b0b47fdce9532c2908f94abe41e03ebf343788d4369c92118c64ef6fd,guided,e5.4_f125,5.4,125,ga80,N1_N2,"trained (74,537 rows)",102.031,26.599624906981816,51.28407682066094
2,1,knee,682.7318130931906,1.1224951229417885,1.5329641117209947,1.9214146104717365,1446.8214003693038,0.03965216265220922,72.26036058707814,5.4,408ffb839af1ca8371fdcab848d62d0fa61f315df62a1c8b638f06dbe61662f9,elite,e5.4_f125,5.4,125,ga80,N1_N2,"trained (74,537 rows)",102.031,26.65177851426976,51.38462897551209
2,2,max_cyclen,685.3512112099968,0.7365028456830308,1.5481264087621511,1.9334724607419644,1412.7631435468106,0.04771172371642882,73.12287996816514,5.4,65778d091afee5f7ad90fcc91441be16e8b4d33a1ced08bfb723aadab29d8a2e,elite,e5.4_f125,5.4,125,ga80,N1_N2,"trained (74,537 rows)",102.031,26.754031869263613,51.58177344394025
2,0,min_f_r,690.2190121009648,0.8583255282451537,1.5201624805686265,1.9085374131720847,1527.4317482289525,0.041083283300112,73.78775917375337,5.5,d4f3622723a47df0441aee62209418fb017ab5dcac9590f96404f890c046c36c,guided,e5.5_f121,5.5,121,ga80,G3_G4,"trained (74,537 rows)",102.031,26.94405604670726,53.66543394426818
2,1,knee,691.4635047682419,0.467113619743271,1.5225273763692155,1.9118044413445177,1528.7070753380074,0.0406536307223738,73.50305356422268,5.5,7377af6b52ae3789b91fd193380f0b946814d369124396c623e81409f0c0f219,guided,e5.5_f121,5.5,121,ga80,G3_G4,"trained (74,537 rows)",102.031,26.992637264536608,53.76219488225887
2,2,,691.5999652829414,0.49152996261944865,1.5291548421255863,1.9191911684984932,1528.5156928775195,0.040206430314501905,73.37796905614377,5.5,60cdb6301604c670295a343f6ac5bc0df2996dd448183565349d90b4fc7e040d,elite,e5.5_f121,5.5,121,ga80,G3_G4,"trained (74,537 rows)",102.031,26.997964268997162,53.77280486634972
2,3,,691.8076037022064,0.5898820156945087,1.5336436406106009,1.9234541495279893,1531.3238076251164,0.04007928459436641,73.40201617150213,5.5,3567a6ebd9859016b11ffa1539388bafa2e49a3c7a609435c27c7417913c4470,elite,e5.5_f121,5.5,121,ga80,G3_G4,"trained (74,537 rows)",102.031,27.006069842891886,53.78894902592516
2,4,,692.2010415042696,1.4187361127287832,1.5395250295413927,1.9293999376177793,1510.678171455087,0.04297498828657466,74.15877906971015,5.5,162e8f057e9e1f60c470a38d2fa4dc4b4f0b221b37631132c9f645616dafe203,elite,e5.5_f121,5.5,121,ga80,G3_G4,"trained (74,537 rows)",102.031,27.021428460959235,53.81953933133203
2,5,,692.2503702152034,0.6215977532948777,1.5396319952656992,1.9336700717786133,1535.5567570170172,0.041460793536724654,73.60993147890338,5.5,91055e5e7e98fa576844be10c99690ba731035ae2e4dd2abc13b63ccd9ecdf06,elite,e5.5_f121,5.5,121,ga80,G3_G4,"trained (74,537 rows)",102.031,27.02335410416641,53.8233747033397
2,6,,692.5591885723263,1.2190912194368915,1.5431027249182396,1.934335269108746,1522.286524773811,0.04224697375096581,74.19048759574082,5.5,c5c38f3783d135149cc9ee921de01d85790094f0e617aeeed1537cc91f28ca2d,elite,e5.5_f121,5.5,121,ga80,G3_G4,"trained (74,537 rows)",102.031,27.035409435846194,53.84738573585895
2,7,,692.6486689141303,0.8204740806807972,1.5455748965668787,1.9367632086447621,1548.4770272081676,0.04130513268769051,74.50232933411792,5.5,7cc0af241911f2bf4a0ff98d0fb4c023c9a8458f43bd2f884eb4d531bdcc18fc,elite,e5.5_f121,5.5,121,ga80,G3_G4,"trained (74,537 rows)",102.031,27.03890247689893,53.854342949856544
2,8,max_cyclen,692.65990119492,1.324482435858913,1.5456831702043654,1.9366171509185437,1553.4467354672552,0.039316001373614684,74.46414820149047,5.5,7af9147b3c8bbd5fa78ad42905dad069dd20cd6e147e3d8b98ce3ef124b3ea38,elite,e5.5_f121,5.5,121,ga80,G3_G4,"trained (74,537 rows)",102.031,27.03934095106122,53.85521627442772
