cell,e_target,feed,anchor_library_id,anchor_pair,anchor_e_core,anchor_realizability,anchor_n_store_pair_feed,lrm_ceil_efpd,surrogate_ceil,d_surr_minus_lrm,min_pred_f_r,fr_true_min,n_true,fr_pred_minus_true,cyclen_at_fr_min,tier_reached,n_feasible_tier1,n_feasible_tier2,n_feasible_tier3,GAP,DIS,REACH,score,role,n_chains
e5.6_f125,5.6,125,paramA,P6253Z2G06N24_P6253Z2G10N24,5.598053,미발견,0,725.759763,712.601642,-13.158121,1.704761,,0,,,tier3,0.0,0.0,183.0,1.0,1.0,0.8,0.96,probe,16
e5.6_f129,5.6,129,paramA,P6253Z2G06N24_P6253Z2G10N24,5.598053,미발견,0,739.759593,721.696148,-18.063445,1.694858,,0,,,tier3,0.0,0.0,156.0,1.0,1.0,0.8,0.96,probe,16
e6.0_f113,6.0,113,paramA,P6257Z1G10N12_P6656Z2G08N12,6.025508,미발견,0,735.930411,759.93553,24.005119,1.761821,,0,,,none,0.0,0.0,0.0,1.0,1.0,0.8,0.96,campaign,40
e6.0_f109,6.0,109,paramA,P6257Z1G10N12_P6656Z2G08N12,6.025508,미발견,0,720.283258,739.601966,19.318708,1.789824,,0,,,none,0.0,0.0,0.0,1.0,1.0,0.8,0.96,campaign,40
e6.0_f121,6.0,121,paramA,P6257Z1G10N12_P6656Z2G08N12,6.025508,미발견,0,760.522493,796.232245,35.709752,1.686735,,0,,,none,0.0,0.0,0.0,1.0,1.0,0.8,0.96,,0
e6.0_f117,6.0,117,paramA,P6257Z1G10N12_P6656Z2G08N12,6.025508,미발견,0,750.407005,779.515694,29.108689,1.716744,,0,,,none,0.0,0.0,0.0,1.0,1.0,0.8,0.96,,0
e6.0_f125,6.0,125,paramA,P6257Z1G10N12_P6656Z2G08N12,6.025508,미발견,0,780.905577,806.65393,25.748353,1.683545,,0,,,none,0.0,0.0,0.0,1.0,1.0,0.8,0.96,,0
e6.0_f129,6.0,129,paramA,P6257Z1G10N12_P6656Z2G08N12,6.025508,미발견,0,795.969164,814.996,19.026836,1.704005,,0,,,none,0.0,0.0,0.0,1.0,1.0,0.8,0.96,,0
e5.6_f117,5.6,117,paramA,P6253Z2G06N24_P6253Z2G10N24,5.598053,미발견,0,697.414932,691.098191,-6.316741,1.731953,,0,,,tier3,0.0,0.0,59.0,1.0,0.99678,0.8,0.958712,,0
e6.4_f113,6.4,113,paramA,P6661Z1G06N12_P6661Z1G06N16,6.341428,격자-우회(fallback),0,777.143178,812.531132,35.387954,1.850862,,0,,,none,0.0,0.0,0.0,1.0,1.0,0.6,0.92,probe,15
e6.4_f129,6.4,129,paramA,P6661Z1G06N12_P6661Z1G06N16,6.341428,격자-우회(fallback),0,840.544156,871.748481,31.204325,1.821884,,0,,,none,0.0,0.0,0.0,1.0,1.0,0.6,0.92,probe,15
e6.2_f129,6.2,129,paramA,P6656Z1G10N16_P6656Z2G08N12,6.141626,격자-우회(fallback),0,818.347856,831.260015,12.912159,1.829701,,0,,,none,0.0,0.0,0.0,1.0,1.0,0.6,0.92,probe,15
e5.6_f113,5.6,113,paramA,P6253Z2G06N24_P6253Z2G10N24,5.598053,미발견,0,683.960643,674.817056,-9.143587,1.73124,,0,,,tier3,0.0,0.0,51.0,1.0,0.889706,0.8,0.915882,,0
e5.6_f121,5.6,121,paramA,P6253Z2G06N24_P6253Z2G10N24,5.598053,미발견,0,706.816087,708.346897,1.53081,1.700446,,0,,,tier3,0.0,0.0,317.0,1.0,0.868717,0.8,0.907487,,0
e6.1_f129,6.1,129,paramA,P6656Z1G10N16_P6656Z2G08N12,6.141626,격자-우회(fallback),0,805.3754,816.162847,10.787447,1.803348,,0,,,none,0.0,0.0,0.0,1.0,0.879018,0.6,0.871607,probe,15
e5.3_f129,5.3,129,ga80,L1_L2,5.3,실현 확인,14,700.566036,684.548015,-16.018021,1.582863,1.8469,14,-0.264037,681.801,tier2,0.0,163.0,460.0,0.6,1.0,1.0,0.84,probe,15
e6.1_f113,6.1,113,paramA,P6656Z1G10N16_P6656Z2G08N12,6.141626,격자-우회(fallback),0,744.627148,756.166691,11.539543,1.875929,,0,,,none,0.0,0.0,0.0,1.0,0.714244,0.6,0.805698,probe,14
e5.7_f125,5.7,125,paramA,P6253Z2G08N16_P6253Z2G10N20,5.653575,미발견,0,738.965223,738.020668,-0.944555,1.709712,,0,,,tier3,0.0,0.0,284.0,1.0,0.465588,0.8,0.746235,probe,14
e5.6_f109,5.6,109,paramA,P6253Z2G06N24_P6253Z2G10N24,5.598053,미발견,0,669.418457,661.62052,-7.797937,1.792165,,0,,,tier3,0.0,0.0,2.0,1.0,0.431655,0.8,0.732662,,0
e5.4_f129,5.4,129,ga80,N1_N2,5.4,실현 확인,22,713.715877,703.262678,-10.453199,1.618087,1.7287,22,-0.110613,675.535,tier2,0.0,70.0,443.0,0.6,0.728849,1.0,0.73154,probe,14
e5.3_f121,5.3,121,ga80,L1_L2,5.3,실현 확인,78,669.367926,667.502053,-1.865873,1.485184,1.4911,78,-0.005916,655.083,tier1,293.0,714.0,877.0,0.3,1.0,1.0,0.72,probe,11
e5.3_f113,5.3,113,ga80,L1_L2,5.3,실현 확인,30,647.723397,635.196074,-12.527323,1.59846,1.7452,30,-0.14674,630.46,tier2,0.0,99.0,524.0,0.3,1.0,1.0,0.72,,0
e6.4_f121,6.4,121,paramA,P6661Z1G06N12_P6661Z1G06N16,6.341428,실현 확인,51,803.112439,849.758958,46.646519,1.817688,1.9066,51,-0.088912,821.634,none,0.0,0.0,0.0,0.3,1.0,1.0,0.72,,0
e5.7_f129,5.7,129,paramA,P6253Z2G08N16_P6253Z2G10N20,5.653575,미발견,0,753.219785,747.562328,-5.657457,1.709469,,0,,,tier3,0.0,0.0,202.0,1.0,0.365822,0.8,0.706329,,0
e5.1_f129,5.1,129,ga80,J1_J2,5.1,실현 확인,8,674.266355,664.95294,-9.313415,1.57362,1.7795,8,-0.20588,643.269,tier2,0.0,348.0,638.0,0.6,0.64257,1.0,0.697028,,0
e5.9_f129,5.9,129,paramA,P6257Z1G06N24_P6257Z1G10N12,5.936711,실현 확인,12,780.609509,771.811331,-8.798178,1.784681,1.9218,12,-0.137119,785.877,none,0.0,0.0,0.0,0.6,0.603568,1.0,0.681427,,0
e5.2_f129,5.2,129,ga80,K1_K2,5.2,실현 확인,18,687.416196,678.812381,-8.603815,1.560494,1.7657,18,-0.205206,665.218,tier2,0.0,265.0,566.0,0.6,0.588855,1.0,0.675542,,0
e6.2_f113,6.2,113,paramA,P6656Z1G10N16_P6656Z2G08N12,6.141626,격자-우회(fallback),0,756.621112,763.741497,7.120385,1.849633,,0,,,none,0.0,0.0,0.0,1.0,0.371544,0.6,0.668618,,0
e5.5_f113,5.5,113,ga80,G3_G4,5.5,실현 확인,67,672.039332,663.531243,-8.508089,1.589634,1.6454,67,-0.055766,656.533,tier2,0.0,136.0,637.0,0.3,0.840424,1.0,0.65617,,0
e5.7_f113,5.7,113,paramA,P6253Z2G08N16_P6253Z2G10N20,5.653575,미발견,0,696.405553,701.311947,4.906394,1.745735,,0,,,tier3,0.0,0.0,27.0,1.0,0.199852,0.8,0.639941,,0
e5.7_f109,5.7,109,paramA,P6253Z2G08N16_P6253Z2G10N20,5.653575,미발견,0,681.598767,681.696102,0.097335,1.748196,,0,,,tier3,0.0,0.0,7.0,1.0,0.177337,0.8,0.630935,,0
e6.2_f121,6.2,121,paramA,P6656Z1G10N16_P6656Z2G08N12,6.141626,실현 확인,73,781.904601,805.104303,23.199702,1.825887,1.9331,73,-0.107213,784.636,none,0.0,0.0,0.0,0.3,0.776968,1.0,0.630787,,0
e5.7_f121,5.7,121,paramA,P6253Z2G08N16_P6253Z2G10N20,5.653575,미발견,0,719.67686,730.52204,10.84518,1.675357,,0,,,tier3,0.0,0.0,481.0,1.0,0.161319,0.8,0.624528,,0
e5.7_f117,5.7,117,paramA,P6253Z2G08N16_P6253Z2G10N20,5.653575,미발견,0,710.104648,715.607941,5.503293,1.707944,,0,,,tier3,0.0,0.0,209.0,1.0,0.129811,0.8,0.611924,,0
e6.4_f117,6.4,117,paramA,P6661Z1G06N12_P6661Z1G06N16,6.341428,실현 확인,175,792.430474,835.434865,43.004391,1.834536,1.8656,175,-0.031064,800.384,none,0.0,0.0,0.0,0.0,1.0,1.0,0.6,,0
e5.4_f113,5.4,113,ga80,N1_N2,5.4,실현 확인,226,659.881365,647.604169,-12.277196,1.514513,1.4961,226,0.018413,641.635,tier1,255.0,641.0,782.0,0.0,1.0,1.0,0.6,,0
e5.3_f125,5.3,125,ga80,L1_L2,5.3,실현 확인,137,687.307938,674.035662,-13.272276,1.532346,1.5238,137,0.008546,671.464,tier1,45.0,566.0,718.0,0.0,1.0,1.0,0.6,,0
e5.3_f117,5.3,117,ga80,L1_L2,5.3,실현 확인,245,660.464858,649.956187,-10.508671,1.521661,1.5409,245,-0.019239,639.711,tier1,11.0,515.0,800.0,0.0,1.0,1.0,0.6,,0
e5.3_f109,5.3,109,ga80,L1_L2,5.3,실현 확인,107,633.951678,615.301715,-18.649963,1.619675,1.6846,107,-0.064925,605.417,tier2,0.0,4.0,369.0,0.0,1.0,1.0,0.6,,0
e6.4_f109,6.4,109,paramA,P6661Z1G06N12_P6661Z1G06N16,6.341428,실현 확인,165,760.619771,791.044613,30.424842,1.937353,1.9076,165,0.029753,749.022,none,0.0,0.0,0.0,0.0,1.0,1.0,0.6,,0
e5.4_f125,5.4,125,ga80,N1_N2,5.4,실현 확인,150,700.20892,691.411264,-8.797656,1.550481,1.5176,150,0.032881,683.757,tier2,0.0,570.0,767.0,0.0,1.0,1.0,0.6,,0
e6.4_f125,6.4,125,paramA,P6661Z1G06N12_P6661Z1G06N16,6.341428,실현 확인,131,824.636994,863.104982,38.467988,1.79955,1.7813,131,0.01825,824.561,none,0.0,0.0,0.0,0.0,1.0,1.0,0.6,,0
e5.4_f109,5.4,109,ga80,N1_N2,5.4,실현 확인,122,645.851146,629.224534,-16.626612,1.577968,1.694,122,-0.116032,617.206,tier2,0.0,257.0,578.0,0.0,1.0,1.0,0.6,,0
e6.3_f129,6.3,129,paramA,P6661Z1G10N12_P6661Z1G10N20,6.328165,격자-우회(fallback),0,832.530392,834.054072,1.52368,1.821328,,0,,,none,0.0,0.0,0.0,1.0,0.177773,0.6,0.591109,,0
e5.1_f113,5.1,113,ga80,J1_J2,5.1,실현 확인,44,623.407461,617.293436,-6.114025,1.596511,1.6,44,-0.003489,616.59,tier2,0.0,298.0,791.0,0.3,0.654767,1.0,0.581907,,0
e5.4_f117,5.4,117,ga80,N1_N2,5.4,실현 확인,217,672.861987,667.135849,-5.726138,1.541451,1.577,217,-0.035549,661.831,tier1,2.0,369.0,748.0,0.0,0.953461,1.0,0.581385,,0
e5.8_f129,5.8,129,paramA,P6253Z1G08N20_P6257Z1G06N24,5.853105,격자-우회(fallback),0,767.043166,764.631182,-2.411984,1.768912,,0,,,tier3,0.0,0.0,4.0,1.0,0.120148,0.6,0.568059,,0
e6.2_f125,6.2,125,paramA,P6656Z1G10N16_P6656Z2G08N12,6.141626,실현 확인,251,802.860756,820.657896,17.79714,1.698981,1.7933,251,-0.094319,795.005,none,0.0,0.0,0.0,0.0,0.897822,1.0,0.559129,,0
e5.5_f109,5.5,109,ga80,G3_G4,5.5,실현 확인,128,657.750615,644.124496,-13.626119,1.716997,1.7616,128,-0.044603,635.369,tier3,0.0,0.0,226.0,0.0,0.881204,1.0,0.552482,,0
e6.1_f121,6.1,121,paramA,P6656Z1G10N16_P6656Z2G08N12,6.141626,실현 확인,73,769.509843,789.939771,20.429928,1.846593,1.9331,73,-0.086507,784.636,none,0.0,0.0,0.0,0.3,0.566612,1.0,0.546645,,0
e6.3_f113,6.3,113,paramA,P6661Z1G10N12_P6661Z1G10N20,6.328165,격자-우회(fallback),0,769.733881,772.800246,3.066365,1.860721,,0,,,none,0.0,0.0,0.0,1.0,0.05716,0.6,0.542864,,0
e5.8_f113,5.8,113,paramA,P6253Z1G08N20_P6257Z1G06N24,5.853105,격자-우회(fallback),0,709.186257,711.99136,2.805103,1.825231,,0,,,none,0.0,0.0,0.0,1.0,0.0369,0.6,0.53476,,0
e5.1_f121,5.1,121,ga80,J1_J2,5.1,실현 확인,150,644.239441,646.246522,2.007081,1.493742,1.49,150,0.003742,632.459,tier1,272.0,760.0,887.0,0.0,0.832546,1.0,0.533018,,0
e5.2_f113,5.2,113,ga80,K1_K2,5.2,실현 확인,79,635.565429,631.290547,-4.274882,1.616371,1.6116,79,0.004771,633.577,tier2,0.0,78.0,745.0,0.3,0.512144,1.0,0.524858,,0
e5.2_f109,5.2,109,ga80,K1_K2,5.2,실현 확인,135,622.05221,609.674523,-12.377687,1.595709,1.7254,135,-0.129691,603.953,tier2,0.0,88.0,359.0,0.0,0.784908,1.0,0.513963,,0
e5.0_f129,5.0,129,ga80,E1_E2,5.0,실현 확인,20,661.116515,657.977682,-3.138833,1.552533,1.8305,20,-0.277967,654.195,tier2,0.0,350.0,582.0,0.6,0.175168,1.0,0.510067,,0
e6.1_f109,6.1,109,paramA,P6656Z1G10N16_P6656Z2G08N12,6.141626,실현 확인,332,728.795088,736.532628,7.73754,1.931023,1.8319,332,0.099123,712.038,none,0.0,0.0,0.0,0.0,0.766654,1.0,0.506662,,0
e5.4_f121,5.4,121,ga80,N1_N2,5.4,실현 확인,230,681.932168,685.002129,3.069961,1.493717,1.4932,230,0.000517,673.329,tier1,133.0,658.0,782.0,0.0,0.751823,1.0,0.500729,,0
e5.9_f121,5.9,121,paramA,P6257Z1G06N24_P6257Z1G10N12,5.936711,실현 확인,32,745.846844,752.938892,7.092048,1.737605,2.0499,32,-0.312295,762.197,tier3,0.0,0.0,4.0,0.3,0.446358,1.0,0.498543,,0
e5.1_f117,5.1,117,ga80,J1_J2,5.1,실현 확인,338,635.6706,632.791659,-2.878941,1.51909,1.5177,338,0.00139,631.66,tier1,67.0,644.0,762.0,0.0,0.744626,1.0,0.497851,,0
e5.9_f113,5.9,113,paramA,P6257Z1G06N24_P6257Z1G10N12,5.936711,실현 확인,12,721.729311,722.212547,0.483236,1.815406,2.1346,12,-0.319194,724.623,none,0.0,0.0,0.0,0.6,0.143158,1.0,0.497263,,0
e5.2_f121,5.2,121,ga80,K1_K2,5.2,실현 확인,416,656.803683,660.056978,3.253295,1.487101,1.4902,416,-0.003099,648.875,tier1,308.0,710.0,865.0,0.0,0.7379,1.0,0.49516,,0
e5.1_f125,5.1,125,ga80,J1_J2,5.1,실현 확인,212,661.505974,657.883893,-3.622081,1.559879,1.5119,212,0.047979,651.948,tier2,0.0,515.0,809.0,0.0,0.660371,1.0,0.464148,,0
e5.1_f109,5.1,109,ga80,J1_J2,5.1,실현 확인,223,610.152741,599.559052,-10.593689,1.604991,1.6796,223,-0.074609,590.518,tier2,0.0,23.0,525.0,0.0,0.647302,1.0,0.458921,,0
e5.5_f129,5.5,129,ga80,G3_G4,5.5,실현 확인,38,726.865717,721.497932,-5.367785,1.55355,1.7539,38,-0.20035,713.518,tier2,0.0,288.0,520.0,0.3,0.343895,1.0,0.457558,,0
e5.9_f117,5.9,117,paramA,P6257Z1G06N24_P6257Z1G10N12,5.936711,실현 확인,26,735.926553,738.930355,3.003802,1.798059,2.0815,26,-0.283441,738.068,tier3,0.0,0.0,1.0,0.3,0.313142,1.0,0.445257,,0
e6.1_f125,6.1,125,paramA,P6656Z1G10N16_P6656Z2G08N12,6.141626,실현 확인,251,790.133801,803.946665,13.812864,1.81319,1.7933,251,0.01989,795.005,none,0.0,0.0,0.0,0.0,0.607976,1.0,0.44319,,0
e5.2_f117,5.2,117,ga80,K1_K2,5.2,실현 확인,201,648.067729,647.143343,-0.924386,1.535404,1.5234,201,0.012004,644.81,tier1,44.0,611.0,816.0,0.0,0.601265,1.0,0.440506,,0
e6.3_f121,6.3,121,paramA,P6661Z1G10N12_P6661Z1G10N20,6.328165,실현 확인,48,795.45555,812.288852,16.833302,1.743713,1.8423,48,-0.098587,802.548,none,0.0,0.0,0.0,0.3,0.29346,1.0,0.437384,,0
e5.5_f121,5.5,121,ga80,G3_G4,5.5,실현 확인,406,694.49641,700.12346,5.62705,1.533021,1.5114,406,0.021621,688.888,tier1,17.0,628.0,792.0,0.0,0.55762,1.0,0.423048,,0
e6.1_f117,6.1,117,paramA,P6656Z1G10N16_P6656Z2G08N12,6.141626,실현 확인,143,759.274817,774.086404,14.811587,1.89684,1.8666,143,0.03024,756.499,none,0.0,0.0,0.0,0.0,0.55293,1.0,0.421172,,0
e6.2_f109,6.2,109,paramA,P6656Z1G10N16_P6656Z2G08N12,6.141626,실현 확인,332,740.53404,745.442816,4.908776,1.769539,1.8319,332,-0.062361,712.038,tier3,0.0,0.0,2.0,0.0,0.548461,1.0,0.419384,,0
e6.2_f117,6.2,117,paramA,P6656Z1G10N16_P6656Z2G08N12,6.141626,실현 확인,143,771.504716,785.467417,13.962701,1.720804,1.8666,143,-0.145796,756.499,none,0.0,0.0,0.0,0.0,0.490666,1.0,0.396266,,0
e5.2_f125,5.2,125,ga80,K1_K2,5.2,실현 확인,67,674.406956,677.386177,2.979221,1.52827,1.5194,67,0.00887,667.665,tier1,47.0,619.0,780.0,0.3,0.180143,1.0,0.392057,,0
e5.8_f121,5.8,121,paramA,P6253Z1G08N20_P6257Z1G06N24,5.853105,실현 확인,42,732.884648,743.638029,10.753381,1.739462,1.8093,42,-0.069838,743.186,tier3,0.0,0.0,20.0,0.3,0.168291,1.0,0.387317,,0
e5.5_f117,5.5,117,ga80,G3_G4,5.5,실현 확인,144,685.259116,686.193681,0.934565,1.582299,1.6121,144,-0.029801,683.971,tier2,0.0,156.0,732.0,0.0,0.464915,1.0,0.385966,,0
e5.5_f125,5.5,125,ga80,G3_G4,5.5,실현 확인,390,713.109902,712.248328,-0.861574,1.608728,1.5323,390,0.076428,698.853,tier2,0.0,314.0,718.0,0.0,0.459551,1.0,0.383821,,0
e5.8_f125,5.8,125,paramA,P6253Z1G08N20_P6257Z1G06N24,5.853105,실현 확인,276,752.526998,762.877681,10.350683,1.648495,1.8076,276,-0.159105,755.253,tier3,0.0,0.0,56.0,0.0,0.356111,1.0,0.342445,,0
e6.3_f117,6.3,117,paramA,P6661Z1G10N12_P6661Z1G10N20,6.328165,실현 확인,183,784.875428,796.495935,11.620507,1.704576,1.7504,183,-0.045824,786.453,none,0.0,0.0,0.0,0.0,0.318872,1.0,0.327549,,0
e5.0_f113,5.0,113,ga80,E1_E2,5.0,실현 확인,134,611.249494,609.719658,-1.529836,1.545669,1.6233,134,-0.077631,609.1,tier1,1.0,167.0,657.0,0.0,0.299269,1.0,0.319708,,0
e5.9_f109,5.9,109,paramA,P6257Z1G06N24_P6257Z1G10N12,5.936711,실현 확인,156,706.384098,700.43607,-5.948028,1.833799,1.896,156,-0.062201,691.929,none,0.0,0.0,0.0,0.0,0.288965,1.0,0.315586,,0
e5.0_f121,5.0,121,ga80,E1_E2,5.0,실현 확인,1097,631.675199,641.082402,9.407203,1.494328,1.4636,1097,0.030728,633.329,tier1,377.0,775.0,894.0,0.0,0.270529,1.0,0.308212,,0
e5.0_f109,5.0,109,ga80,E1_E2,5.0,실현 확인,177,598.253273,592.829488,-5.423785,1.565375,1.7692,177,-0.203825,574.683,tier2,0.0,123.0,506.0,0.0,0.248528,1.0,0.299411,,0
e5.0_f125,5.0,125,ga80,E1_E2,5.0,실현 확인,450,648.604992,651.025657,2.420665,1.493443,1.5085,450,-0.015057,645.032,tier1,47.0,632.0,836.0,0.0,0.220777,1.0,0.288311,,0
e5.0_f117,5.0,117,ga80,E1_E2,5.0,실현 확인,501,623.273471,627.576756,4.303285,1.511296,1.5368,501,-0.025504,624.63,tier1,70.0,610.0,823.0,0.0,0.217828,1.0,0.287131,,0
e6.3_f125,6.3,125,paramA,P6661Z1G10N12_P6661Z1G10N20,6.328165,실현 확인,127,816.77489,824.187856,7.412966,1.829787,1.7305,127,0.099287,820.112,none,0.0,0.0,0.0,0.0,0.1424,1.0,0.25696,,0
e5.9_f125,5.9,125,paramA,P6257Z1G06N24_P6257Z1G10N12,5.936711,실현 확인,164,765.836601,769.335597,3.498996,1.752321,1.8424,164,-0.090079,772.128,none,0.0,0.0,0.0,0.0,0.142331,1.0,0.256932,,0
e5.8_f117,5.8,117,paramA,P6253Z1G08N20_P6257Z1G06N24,5.853105,실현 확인,318,723.136763,732.335238,9.198475,1.803366,1.7802,318,0.023166,724.124,none,0.0,0.0,0.0,0.0,0.141222,1.0,0.256489,,0
e6.3_f109,6.3,109,paramA,P6661Z1G10N12_P6661Z1G10N20,6.328165,실현 확인,185,753.368008,750.947854,-2.420154,1.899816,1.8914,185,0.008416,733.914,none,0.0,0.0,0.0,0.0,0.016847,1.0,0.206739,,0
e5.8_f109,5.8,109,paramA,P6253Z1G08N20_P6257Z1G06N24,5.853105,실현 확인,233,694.107731,692.058327,-2.049404,1.74043,1.8727,233,-0.13227,682.002,tier3,0.0,0.0,44.0,0.0,0.011751,1.0,0.2047,,0
e6.5_f109,6.5,109,paramA,P6661Z1G06N12_P6661Z1G10N12,6.364485,실현 불가(격자),0,760.619771,,,,,0,,,,,,,1.0,0.0,0.0,,,0
e6.5_f113,6.5,113,paramA,P6661Z1G06N12_P6661Z1G10N12,6.364485,실현 불가(격자),0,777.143178,,,,,0,,,,,,,1.0,0.0,0.0,,,0
e6.5_f117,6.5,117,paramA,P6661Z1G06N12_P6661Z1G10N12,6.364485,실현 불가(격자),0,792.430474,,,,,0,,,,,,,1.0,0.0,0.0,,,0
e6.5_f121,6.5,121,paramA,P6661Z1G06N12_P6661Z1G10N12,6.364485,실현 불가(격자),0,803.112439,,,,,0,,,,,,,1.0,0.0,0.0,,,0
e6.5_f125,6.5,125,paramA,P6661Z1G06N12_P6661Z1G10N12,6.364485,실현 불가(격자),0,824.636994,,,,,0,,,,,,,1.0,0.0,0.0,,,0
e6.5_f129,6.5,129,paramA,P6661Z1G06N12_P6661Z1G10N12,6.364485,실현 불가(격자),0,840.544156,,,,,0,,,,,,,1.0,0.0,0.0,,,0
