cell,e_target,library_id,pair,e_core,feed,is_primary,realizability,anchor_realizability,M_HM_tU,n_store_pair_feed,anchor_library_id,anchor_pair,anchor_e_core,anchor_n_seeded_feeds,anchor_n_store_pair_feed,alpha_B,alpha_C,alpha_source,e_extrapolated,feed_extrapolated,lrm_mean_efpd,lrm_ceil_efpd,lrm_mean_B_cycle,lrm_ceil_B_cycle,lrm_mean_B_d,lrm_ceil_B_d
e5.0_f109,5.0,ga80,E1_E2,5.0,109,True,실현 확인,실현 확인,102.031,177,ga80,E1_E2,5.0,6,177,0.96722,0.973457,fitted,False,False,595.619934,598.253273,23.251195,23.353993,51.408606,51.635892
e5.0_f113,5.0,ga80,E1_E2,5.0,113,True,실현 확인,실현 확인,102.031,134,ga80,E1_E2,5.0,6,134,0.987078,0.994604,fitted,False,False,607.848611,611.249494,23.728566,23.861326,50.606941,50.890084
e5.0_f117,5.0,ga80,E1_E2,5.0,117,True,실현 확인,실현 확인,102.031,501,ga80,E1_E2,5.0,6,501,1.003856,1.014169,fitted,False,False,618.180605,623.273471,24.131895,24.330705,49.707579,50.117094
e5.0_f121,5.0,ga80,E1_E2,5.0,121,True,실현 확인,실현 확인,102.031,1097,ga80,E1_E2,5.0,6,1097,1.019689,1.02784,fitted,False,False,627.930662,631.675199,24.512508,24.658683,48.822433,49.113576
e5.0_f125,5.0,ga80,E1_E2,5.0,125,True,실현 확인,실현 확인,102.031,450,ga80,E1_E2,5.0,6,450,1.047269,1.055388,extrapolated_log_feed,False,True,644.91435,648.604992,25.175499,25.319571,48.538363,48.816133
e5.0_f129,5.0,ga80,E1_E2,5.0,129,True,실현 확인,실현 확인,102.031,20,ga80,E1_E2,5.0,6,20,1.067768,1.075746,extrapolated_log_feed,False,True,657.53827,661.116515,25.668299,25.807983,47.953954,48.214914
e5.1_f109,5.1,ga80,J1_J2,5.1,109,True,실현 확인,실현 확인,102.031,223,ga80,J1_J2,5.1,6,223,0.96722,0.973457,fitted,False,False,607.81968,610.152741,23.727436,23.818512,52.461579,52.662948
e5.1_f113,5.1,ga80,J1_J2,5.1,113,True,실현 확인,실현 확인,102.031,44,ga80,J1_J2,5.1,6,44,0.987078,0.994604,fitted,False,False,620.29883,623.407461,24.214584,24.335936,51.643494,51.902306
e5.1_f117,5.1,ga80,J1_J2,5.1,117,True,실현 확인,실현 확인,102.031,338,ga80,J1_J2,5.1,6,338,1.003856,1.014169,fitted,False,False,630.842449,635.6706,24.626175,24.814652,50.725711,51.11394
e5.1_f121,5.1,ga80,J1_J2,5.1,121,True,실현 확인,실현 확인,102.031,150,ga80,J1_J2,5.1,6,150,1.019689,1.02784,fitted,False,False,640.792211,644.239441,25.014584,25.149153,49.822435,50.090462
e5.1_f125,5.1,ga80,J1_J2,5.1,125,True,실현 확인,실현 확인,102.031,212,ga80,J1_J2,5.1,6,212,1.047269,1.055388,extrapolated_log_feed,False,True,658.123766,661.505974,25.691155,25.823186,49.532547,49.787103
e5.1_f129,5.1,ga80,J1_J2,5.1,129,True,실현 확인,실현 확인,102.031,8,ga80,J1_J2,5.1,6,8,1.067768,1.075746,extrapolated_log_feed,False,True,671.006254,674.266355,26.194048,26.321313,48.936168,49.173925
e5.2_f109,5.2,ga80,K1_K2,5.2,109,True,실현 확인,실현 확인,102.031,135,ga80,K1_K2,5.2,6,135,0.96722,0.973457,fitted,False,False,620.019426,622.05221,24.203677,24.283031,53.514552,53.690004
e5.2_f113,5.2,ga80,K1_K2,5.2,113,True,실현 확인,실현 확인,102.031,79,ga80,K1_K2,5.2,6,79,0.987078,0.994604,fitted,False,False,632.749049,635.565429,24.700603,24.810546,52.680047,52.914527
e5.2_f117,5.2,ga80,K1_K2,5.2,117,True,실현 확인,실현 확인,102.031,201,ga80,K1_K2,5.2,6,201,1.003856,1.014169,fitted,False,False,643.504292,648.067729,25.120455,25.298598,51.743843,52.110787
e5.2_f121,5.2,ga80,K1_K2,5.2,121,True,실현 확인,실현 확인,102.031,416,ga80,K1_K2,5.2,6,416,1.019689,1.02784,fitted,False,False,653.653759,656.803683,25.51666,25.639623,50.822438,51.067348
e5.2_f125,5.2,ga80,K1_K2,5.2,125,True,실현 확인,실현 확인,102.031,67,ga80,K1_K2,5.2,6,67,1.047269,1.055388,extrapolated_log_feed,False,True,671.333181,674.406956,26.206811,26.326801,50.526731,50.758073
e5.2_f129,5.2,ga80,K1_K2,5.2,129,True,실현 확인,실현 확인,102.031,18,ga80,K1_K2,5.2,6,18,1.067768,1.075746,extrapolated_log_feed,False,True,684.474238,687.416196,26.719798,26.834643,49.918381,50.132937
e5.3_f109,5.3,ga80,L1_L2,5.3,109,True,실현 확인,실현 확인,102.031,107,ga80,L1_L2,5.3,6,107,0.96722,0.973457,fitted,False,False,632.219172,633.951678,24.679918,24.74755,54.567526,54.71706
e5.3_f113,5.3,ga80,L1_L2,5.3,113,True,실현 확인,실현 확인,102.031,30,ga80,L1_L2,5.3,6,30,0.987078,0.994604,fitted,False,False,645.199268,647.723397,25.186622,25.285156,53.716601,53.926749
e5.3_f117,5.3,ga80,L1_L2,5.3,117,True,실현 확인,실현 확인,102.031,245,ga80,L1_L2,5.3,6,245,1.003856,1.014169,fitted,False,False,656.166135,660.464858,25.614735,25.782544,52.761976,53.107634
e5.3_f121,5.3,ga80,L1_L2,5.3,121,True,실현 확인,실현 확인,102.031,78,ga80,L1_L2,5.3,6,78,1.019689,1.02784,fitted,False,False,666.515307,669.367926,26.018735,26.130093,51.82244,52.044235
e5.3_f125,5.3,ga80,L1_L2,5.3,125,True,실현 확인,실현 확인,102.031,137,ga80,L1_L2,5.3,6,137,1.047269,1.055388,extrapolated_log_feed,False,True,684.542597,687.307938,26.722466,26.830417,51.520914,51.729043
e5.3_f129,5.3,ga80,L1_L2,5.3,129,True,실현 확인,실현 확인,102.031,14,ga80,L1_L2,5.3,6,14,1.067768,1.075746,extrapolated_log_feed,False,True,697.942223,700.566036,27.245547,27.347972,50.900595,51.091949
e5.4_f109,5.4,ga80,N1_N2,5.4,109,True,실현 확인,실현 확인,102.031,122,ga80,N1_N2,5.4,6,122,0.96722,0.973457,fitted,False,False,644.418918,645.851146,25.156159,25.212069,55.620499,55.744116
e5.4_f113,5.4,ga80,N1_N2,5.4,113,True,실현 확인,실현 확인,102.031,226,ga80,N1_N2,5.4,6,226,0.987078,0.994604,fitted,False,False,657.649487,659.881365,25.672641,25.759766,54.753154,54.938971
e5.4_f117,5.4,ga80,N1_N2,5.4,117,True,실현 확인,실현 확인,102.031,217,ga80,N1_N2,5.4,6,217,1.003856,1.014169,fitted,False,False,668.827979,672.861987,26.109015,26.26649,53.780108,54.10448
e5.4_f121,5.4,ga80,N1_N2,5.4,121,True,실현 확인,실현 확인,102.031,230,ga80,N1_N2,5.4,6,230,1.019689,1.02784,fitted,False,False,679.376856,681.932168,26.520811,26.620563,52.822442,53.021121
e5.4_f125,5.4,ga80,N1_N2,5.4,125,True,실현 확인,실현 확인,102.031,150,ga80,N1_N2,5.4,6,150,1.047269,1.055388,extrapolated_log_feed,False,True,697.752012,700.20892,27.238122,27.334032,52.515098,52.700013
e5.4_f129,5.4,ga80,N1_N2,5.4,129,True,실현 확인,실현 확인,102.031,22,ga80,N1_N2,5.4,6,22,1.067768,1.075746,extrapolated_log_feed,False,True,711.410207,713.715877,27.771296,27.861302,51.882809,52.05096
e5.5_f109,5.5,ga80,G3_G4,5.5,109,True,실현 확인,실현 확인,102.031,128,ga80,G3_G4,5.5,6,128,0.96722,0.973457,fitted,False,False,656.618664,657.750615,25.6324,25.676588,56.673472,56.771172
e5.5_f113,5.5,ga80,G3_G4,5.5,113,True,실현 확인,실현 확인,102.031,67,ga80,G3_G4,5.5,6,67,0.987078,0.994604,fitted,False,False,670.099706,672.039332,26.158659,26.234377,55.789707,55.951192
e5.5_f117,5.5,ga80,G3_G4,5.5,117,True,실현 확인,실현 확인,102.031,144,ga80,G3_G4,5.5,6,144,1.003856,1.014169,fitted,False,False,681.489822,685.259116,26.603295,26.750437,54.79824,55.101327
e5.5_f121,5.5,ga80,G3_G4,5.5,121,True,실현 확인,실현 확인,102.031,406,ga80,G3_G4,5.5,6,406,1.019689,1.02784,fitted,False,False,692.238404,694.49641,27.022887,27.111033,53.822444,53.998007
e5.5_f125,5.5,ga80,G3_G4,5.5,125,True,실현 확인,실현 확인,102.031,390,ga80,G3_G4,5.5,6,390,1.047269,1.055388,extrapolated_log_feed,False,True,710.961428,713.109902,27.753777,27.837647,53.509282,53.670983
e5.5_f129,5.5,ga80,G3_G4,5.5,129,True,실현 확인,실현 확인,102.031,38,ga80,G3_G4,5.5,6,38,1.067768,1.075746,extrapolated_log_feed,False,True,724.878191,726.865717,28.297045,28.374632,52.865022,53.009972
e5.6_f109,5.6,paramA,P6253Z2G06N24_P6253Z2G10N24,5.598053,109,True,미발견,미발견,101.74,0,paramA,P6253Z2G06N24_P6253Z2G10N24,5.598053,0,0,0.96722,0.973457,fitted,True,False,668.58094,669.418457,26.174087,26.206875,57.871147,57.943641
e5.6_f113,5.6,paramA,P6253Z2G06N24_P6253Z2G10N24,5.598053,113,True,미발견,미발견,101.74,0,paramA,P6253Z2G06N24_P6253Z2G10N24,5.598053,0,0,0.987078,0.994604,fitted,True,False,682.307579,683.960643,26.711468,26.776183,56.968705,57.106726
e5.6_f117,5.6,paramA,P6253Z2G06N24_P6253Z2G10N24,5.598053,117,True,미발견,미발견,101.74,0,paramA,P6253Z2G06N24_P6253Z2G10N24,5.598053,0,0,1.003856,1.014169,fitted,True,False,693.9052,697.414932,27.1655,27.302901,55.956285,56.239309
e5.6_f121,5.6,paramA,P6253Z2G06N24_P6253Z2G10N24,5.598053,121,True,미발견,미발견,101.74,0,paramA,P6253Z2G06N24_P6253Z2G10N24,5.598053,0,0,1.019689,1.02784,fitted,True,False,704.8496,706.816087,27.593959,27.670944,54.959868,55.113203
e5.6_f125,5.6,paramA,P6253Z2G06N24_P6253Z2G10N24,5.598053,125,True,미발견,미발견,101.74,0,paramA,P6253Z2G06N24_P6253Z2G10N24,5.598053,0,0,1.047269,1.055388,extrapolated_log_feed,True,True,723.91372,725.759763,28.340295,28.412565,54.640088,54.779425
e5.6_f129,5.6,paramA,P6253Z2G06N24_P6253Z2G10N24,5.598053,129,True,미발견,미발견,101.74,0,paramA,P6253Z2G06N24_P6253Z2G10N24,5.598053,0,0,1.067768,1.075746,extrapolated_log_feed,True,True,738.084018,739.759593,28.895044,28.96064,53.982213,54.104762
e5.7_f109,5.7,paramA,P5853Z1G08N12_P6253Z1G06N24,5.700414,109,True,미발견,미발견,102.123,0,paramA,P6253Z2G08N16_P6253Z2G10N20,5.653575,0,0,0.96722,0.973457,fitted,True,False,681.068614,681.598767,26.562948,26.583624,58.730921,58.776638
e5.7_f113,5.7,paramA,P5853Z1G08N12_P6253Z1G06N24,5.700414,113,True,미발견,미발견,102.123,0,paramA,P6253Z2G08N16_P6253Z2G10N20,5.653575,0,0,0.987078,0.994604,fitted,True,False,695.051638,696.405553,27.108312,27.161117,57.815072,57.927692
e5.7_f117,5.7,paramA,P5853Z1G08N12_P6253Z1G06N24,5.700414,117,True,미발견,미발견,102.123,0,paramA,P6253Z2G08N16_P6253Z2G10N20,5.653575,0,0,1.003856,1.014169,fitted,True,False,706.865878,710.104648,27.569089,27.695407,56.787611,57.047804
e5.7_f121,5.7,paramA,P5853Z1G08N12_P6253Z1G06N24,5.700414,121,True,미발견,미발견,102.123,0,paramA,P6253Z2G08N16_P6253Z2G10N20,5.653575,0,0,1.019689,1.02784,fitted,True,False,718.014695,719.67686,28.003914,28.068741,55.77639,55.905509
e5.7_f125,5.7,paramA,P5853Z1G08N12_P6253Z1G06N24,5.700414,125,True,미발견,미발견,102.123,0,paramA,P6253Z2G08N16_P6253Z2G10N20,5.653575,0,0,1.047269,1.055388,extrapolated_log_feed,True,True,737.434893,738.965223,28.761338,28.821023,55.451859,55.566933
e5.7_f129,5.7,paramA,P5853Z1G08N12_P6253Z1G06N24,5.700414,129,True,미발견,미발견,102.123,0,paramA,P6253Z2G08N16_P6253Z2G10N20,5.653575,0,0,1.067768,1.075746,extrapolated_log_feed,True,True,751.869862,753.219785,29.324328,29.376978,54.78421,54.882571
e5.8_f109,5.8,paramA,P6253Z1G06N24_P6253Z1G08N20,5.805536,109,True,실현 확인,실현 확인,101.925,165,paramA,P6253Z1G08N20_P6257Z1G06N24,5.853105,4,233,0.96722,0.973457,fitted,True,False,693.893236,694.107731,27.115696,27.124077,59.953052,59.971584
e5.8_f113,5.8,paramA,P6253Z1G06N24_P6253Z1G08N20,5.805536,113,True,격자-우회(fallback),격자-우회(fallback),101.925,0,paramA,P6253Z1G08N20_P6257Z1G06N24,5.853105,4,0,0.987078,0.994604,fitted,True,False,708.139562,709.186257,27.672408,27.71331,59.018145,59.105379
e5.8_f117,5.8,paramA,P6253Z1G06N24_P6253Z1G08N20,5.805536,117,True,실현 확인,실현 확인,101.925,22,paramA,P6253Z1G08N20_P6257Z1G06N24,5.853105,4,318,1.003856,1.014169,fitted,True,False,720.176266,723.136763,28.142774,28.258463,57.969303,58.207603
e5.8_f121,5.8,paramA,P6253Z1G06N24_P6253Z1G08N20,5.805536,121,True,실현 확인,실현 확인,101.925,34,paramA,P6253Z1G08N20_P6257Z1G06N24,5.853105,4,42,1.019689,1.02784,fitted,True,False,731.535018,732.884648,28.586647,28.639387,56.93704,57.042085
e5.8_f125,5.8,paramA,P6253Z1G06N24_P6253Z1G08N20,5.805536,125,True,실현 확인,실현 확인,101.925,152,paramA,P6253Z1G08N20_P6257Z1G06N24,5.853105,4,276,1.047269,1.055388,extrapolated_log_feed,True,True,751.3209,752.526998,29.359832,29.406963,56.605756,56.696625
e5.8_f129,5.8,paramA,P6253Z1G06N24_P6253Z1G08N20,5.805536,129,True,격자-우회(fallback),격자-우회(fallback),101.925,0,paramA,P6253Z1G08N20_P6257Z1G06N24,5.853105,4,0,1.067768,1.075746,extrapolated_log_feed,True,True,766.027682,767.043166,29.934538,29.974221,55.924214,55.99835
e5.9_f109,5.9,paramA,P6253Z1G08N20_P6257Z1G10N12,5.908703,109,True,미발견,실현 확인,101.998,0,paramA,P6257Z1G06N24_P6257Z1G10N12,5.936711,6,156,0.96722,0.973457,fitted,True,False,706.479392,706.384098,27.587849,27.584128,60.996987,60.98876
e5.9_f113,5.9,paramA,P6253Z1G08N20_P6257Z1G10N12,5.908703,113,True,미발견,실현 확인,101.998,0,paramA,P6257Z1G06N24_P6257Z1G10N12,5.936711,6,12,0.987078,0.994604,fitted,True,False,720.984124,721.729311,28.154255,28.183355,60.045801,60.107863
e5.9_f117,5.9,paramA,P6253Z1G08N20_P6257Z1G10N12,5.908703,117,True,미발견,실현 확인,101.998,0,paramA,P6257Z1G06N24_P6257Z1G10N12,5.936711,6,26,1.003856,1.014169,fitted,True,False,733.239156,735.926553,28.632811,28.737754,58.978697,59.19486
e5.9_f121,5.9,paramA,P6253Z1G08N20_P6257Z1G10N12,5.908703,121,True,미발견,실현 확인,101.998,0,paramA,P6257Z1G06N24_P6257Z1G10N12,5.936711,6,32,1.019689,1.02784,fitted,True,False,744.803937,745.846844,29.084413,29.125138,57.928459,58.009573
e5.9_f125,5.9,paramA,P6253Z1G08N20_P6257Z1G10N12,5.908703,125,True,미발견,실현 확인,101.998,0,paramA,P6257Z1G06N24_P6257Z1G10N12,5.936711,6,164,1.047269,1.055388,extrapolated_log_feed,True,True,764.948705,765.836601,29.871062,29.905734,57.591407,57.658254
e5.9_f129,5.9,paramA,P6253Z1G08N20_P6257Z1G10N12,5.908703,129,True,미발견,실현 확인,101.998,0,paramA,P6257Z1G06N24_P6257Z1G10N12,5.936711,6,12,1.067768,1.075746,extrapolated_log_feed,True,True,779.922246,780.609509,30.455775,30.482612,56.897998,56.948136
e6.0_f109,6.0,paramA,P6257Z1G10N12_P6656Z2G08N12,6.025508,109,True,미발견,미발견,102.203,0,paramA,P6257Z1G10N12_P6656Z2G08N12,6.025508,0,0,0.96722,0.973457,fitted,True,False,720.72929,720.283258,28.087867,28.070485,62.102532,62.064099
e6.0_f113,6.0,paramA,P6257Z1G10N12_P6656Z2G08N12,6.025508,113,True,미발견,미발견,102.203,0,paramA,P6257Z1G10N12_P6656Z2G08N12,6.025508,0,0,0.987078,0.994604,fitted,True,False,735.526588,735.930411,28.664539,28.680277,61.134106,61.16767
e6.0_f117,6.0,paramA,P6257Z1G10N12_P6656Z2G08N12,6.025508,117,True,미발견,미발견,102.203,0,paramA,P6257Z1G10N12_P6656Z2G08N12,6.025508,0,0,1.003856,1.014169,fitted,True,False,748.028807,750.407005,29.151769,29.244451,60.047661,60.23857
e6.0_f121,6.0,paramA,P6257Z1G10N12_P6656Z2G08N12,6.025508,121,True,미발견,미발견,102.203,0,paramA,P6257Z1G10N12_P6656Z2G08N12,6.025508,0,0,1.019689,1.02784,fitted,True,False,759.826854,760.522493,29.611556,29.638666,58.978388,59.032385
e6.0_f125,6.0,paramA,P6257Z1G10N12_P6656Z2G08N12,6.025508,125,True,미발견,미발견,102.203,0,paramA,P6257Z1G10N12_P6656Z2G08N12,6.025508,0,0,1.047269,1.055388,extrapolated_log_feed,True,True,780.377947,780.905577,30.412462,30.433024,58.635227,58.674871
e6.0_f129,6.0,paramA,P6257Z1G10N12_P6656Z2G08N12,6.025508,129,True,미발견,미발견,102.203,0,paramA,P6257Z1G10N12_P6656Z2G08N12,6.025508,0,0,1.067768,1.075746,extrapolated_log_feed,True,True,795.653509,795.969164,31.007773,31.020074,57.92925,57.952232
e6.1_f109,6.1,paramA,P6656Z1G06N24_P6656Z2G08N12,6.097039,109,True,미발견,실현 확인,102.124,0,paramA,P6656Z1G10N16_P6656Z2G08N12,6.141626,4,332,0.96722,0.973457,fitted,True,False,729.455912,728.795088,28.449836,28.424062,62.902847,62.845863
e6.1_f113,6.1,paramA,P6656Z1G06N24_P6656Z2G08N12,6.097039,113,True,미발견,격자-우회(fallback),102.124,0,paramA,P6656Z1G10N16_P6656Z2G08N12,6.141626,4,0,0.987078,0.994604,fitted,True,False,744.432376,744.627148,29.033939,29.041536,61.921941,61.938142
e6.1_f117,6.1,paramA,P6656Z1G06N24_P6656Z2G08N12,6.097039,117,True,미발견,실현 확인,102.124,0,paramA,P6656Z1G10N16_P6656Z2G08N12,6.141626,4,143,1.003856,1.014169,fitted,True,False,757.085972,759.274817,29.527448,29.612816,60.821495,60.997339
e6.1_f121,6.1,paramA,P6656Z1G06N24_P6656Z2G08N12,6.097039,121,True,미발견,실현 확인,102.124,0,paramA,P6656Z1G10N16_P6656Z2G08N12,6.141626,4,73,1.019689,1.02784,fitted,True,False,769.026871,769.509843,29.99316,30.011997,59.738443,59.775961
e6.1_f125,6.1,paramA,P6656Z1G06N24_P6656Z2G08N12,6.097039,125,True,미발견,실현 확인,102.124,0,paramA,P6656Z1G10N16_P6656Z2G08N12,6.141626,4,251,1.047269,1.055388,extrapolated_log_feed,True,True,789.826798,790.133801,30.804387,30.816361,59.390859,59.413944
e6.1_f129,6.1,paramA,P6656Z1G06N24_P6656Z2G08N12,6.097039,129,True,미발견,격자-우회(fallback),102.124,0,paramA,P6656Z1G10N16_P6656Z2G08N12,6.141626,4,0,1.067768,1.075746,extrapolated_log_feed,True,True,805.287316,805.3754,31.40737,31.410805,58.675784,58.682202
e6.2_f109,6.2,paramA,P6656Z1G08N20_P6661Z2G06N16,6.19569,109,True,미발견,실현 확인,102.075,0,paramA,P6656Z1G10N16_P6656Z2G08N12,6.141626,4,332,0.96722,0.973457,fitted,True,False,741.491091,740.53404,28.933168,28.895824,63.971501,63.888932
e6.2_f113,6.2,paramA,P6656Z1G08N20_P6661Z2G06N16,6.19569,113,True,미발견,격자-우회(fallback),102.075,0,paramA,P6656Z1G10N16_P6656Z2G08N12,6.141626,4,0,0.987078,0.994604,fitted,True,False,756.714649,756.621112,29.527196,29.523546,62.97393,62.966146
e6.2_f117,6.2,paramA,P6656Z1G08N20_P6661Z2G06N16,6.19569,117,True,미발견,실현 확인,102.075,0,paramA,P6656Z1G10N16_P6656Z2G08N12,6.141626,4,143,1.003856,1.014169,fitted,True,False,769.577015,771.504716,30.029088,30.104308,61.854789,62.009728
e6.2_f121,6.2,paramA,P6656Z1G08N20_P6661Z2G06N16,6.19569,121,True,미발견,실현 확인,102.075,0,paramA,P6656Z1G10N16_P6656Z2G08N12,6.141626,4,73,1.019689,1.02784,fitted,True,False,781.714924,781.904601,30.502713,30.510114,60.753337,60.768078
e6.2_f125,6.2,paramA,P6656Z1G08N20_P6661Z2G06N16,6.19569,125,True,미발견,실현 확인,102.075,0,paramA,P6656Z1G10N16_P6656Z2G08N12,6.141626,4,251,1.047269,1.055388,extrapolated_log_feed,True,True,802.858026,802.860756,31.327722,31.327828,60.399847,60.400053
e6.2_f129,6.2,paramA,P6656Z1G08N20_P6661Z2G06N16,6.19569,129,True,미발견,격자-우회(fallback),102.075,0,paramA,P6656Z1G10N16_P6656Z2G08N12,6.141626,4,0,1.067768,1.075746,extrapolated_log_feed,True,True,818.573625,818.347856,31.940948,31.932139,59.672624,59.656166
e6.3_f109,6.3,paramA,P6661Z1G06N16_P6661Z1G08N20,6.303543,109,True,미발견,실현 확인,102.036,0,paramA,P6661Z1G10N12_P6661Z1G10N20,6.328165,4,185,0.96722,0.973457,fitted,True,False,754.648918,753.368008,29.457932,29.407931,65.131757,65.021205
e6.3_f113,6.3,paramA,P6661Z1G06N16_P6661Z1G08N20,6.303543,113,True,미발견,격자-우회(fallback),102.036,0,paramA,P6661Z1G10N12_P6661Z1G10N20,6.328165,4,0,0.987078,0.994604,fitted,True,False,770.14262,769.733881,30.062733,30.046777,64.116093,64.082065
e6.3_f117,6.3,paramA,P6661Z1G06N16_P6661Z1G08N20,6.303543,117,True,미발견,실현 확인,102.036,0,paramA,P6661Z1G10N12_P6661Z1G10N20,6.328165,4,183,1.003856,1.014169,fitted,True,False,783.23323,784.875428,30.573728,30.637832,62.976654,63.108696
e6.3_f121,6.3,paramA,P6661Z1G06N16_P6661Z1G08N20,6.303543,121,True,미발견,실현 확인,102.036,0,paramA,P6661Z1G10N12_P6661Z1G10N20,6.328165,4,48,1.019689,1.02784,fitted,True,False,795.586527,795.45555,31.055943,31.05083,61.855225,61.845041
e6.3_f125,6.3,paramA,P6661Z1G06N16_P6661Z1G08N20,6.303543,125,True,미발견,실현 확인,102.036,0,paramA,P6661Z1G10N12_P6661Z1G10N20,6.328165,4,127,1.047269,1.055388,extrapolated_log_feed,True,True,817.104816,816.77489,31.895915,31.883036,61.495324,61.470494
e6.3_f129,6.3,paramA,P6661Z1G06N16_P6661Z1G08N20,6.303543,129,True,미발견,격자-우회(fallback),102.036,0,paramA,P6661Z1G10N12_P6661Z1G10N20,6.328165,4,0,1.067768,1.075746,extrapolated_log_feed,True,True,833.09929,832.530392,32.520264,32.498057,60.754911,60.713424
e6.4_f109,6.4,paramA,P6661Z1G06N12_P6661Z1G10N12,6.364485,109,True,미발견,실현 확인,102.259,0,paramA,P6661Z1G06N12_P6661Z1G06N16,6.341428,4,165,0.96722,0.973457,fitted,True,False,762.083676,760.619771,29.683187,29.626168,65.629799,65.503729
e6.4_f113,6.4,paramA,P6661Z1G06N12_P6661Z1G10N12,6.364485,113,True,미발견,격자-우회(fallback),102.259,0,paramA,P6661Z1G06N12_P6661Z1G06N16,6.341428,4,0,0.987078,0.994604,fitted,True,False,777.730021,777.143178,30.292613,30.269755,64.606368,64.557619
e6.4_f117,6.4,paramA,P6661Z1G06N12_P6661Z1G10N12,6.364485,117,True,미발견,실현 확인,102.259,0,paramA,P6661Z1G06N12_P6661Z1G06N16,6.341428,4,175,1.003856,1.014169,fitted,True,False,790.949599,792.430474,30.807516,30.865196,63.458216,63.577027
e6.4_f121,6.4,paramA,P6661Z1G06N12_P6661Z1G10N12,6.364485,121,True,미발견,실현 확인,102.259,0,paramA,P6661Z1G06N12_P6661Z1G06N16,6.341428,4,51,1.019689,1.02784,fitted,True,False,803.4246,803.112439,31.293417,31.281259,62.328212,62.303995
e6.4_f125,6.4,paramA,P6661Z1G06N12_P6661Z1G10N12,6.364485,125,True,미발견,실현 확인,102.259,0,paramA,P6661Z1G06N12_P6661Z1G06N16,6.341428,4,131,1.047269,1.055388,extrapolated_log_feed,True,True,825.154885,824.636994,32.139813,32.119641,61.965559,61.926668
e6.4_f129,6.4,paramA,P6661Z1G06N12_P6661Z1G10N12,6.364485,129,True,미발견,격자-우회(fallback),102.259,0,paramA,P6661Z1G06N12_P6661Z1G06N16,6.341428,4,0,1.067768,1.075746,extrapolated_log_feed,True,True,841.306936,840.544156,32.768936,32.739225,61.219485,61.163979
e6.5_f109,6.5,paramA,P6661Z1G06N12_P6661Z1G10N12,6.364485,109,False,실현 불가(격자),실현 불가(격자),102.259,0,paramA,P6661Z1G06N12_P6661Z1G10N12,6.364485,0,0,0.96722,0.973457,fitted,True,False,762.083676,760.619771,29.683187,29.626168,65.629799,65.503729
e6.5_f113,6.5,paramA,P6661Z1G06N12_P6661Z1G10N12,6.364485,113,False,실현 불가(격자),실현 불가(격자),102.259,0,paramA,P6661Z1G06N12_P6661Z1G10N12,6.364485,0,0,0.987078,0.994604,fitted,True,False,777.730021,777.143178,30.292613,30.269755,64.606368,64.557619
e6.5_f117,6.5,paramA,P6661Z1G06N12_P6661Z1G10N12,6.364485,117,False,실현 불가(격자),실현 불가(격자),102.259,0,paramA,P6661Z1G06N12_P6661Z1G10N12,6.364485,0,0,1.003856,1.014169,fitted,True,False,790.949599,792.430474,30.807516,30.865196,63.458216,63.577027
e6.5_f121,6.5,paramA,P6661Z1G06N12_P6661Z1G10N12,6.364485,121,False,실현 불가(격자),실현 불가(격자),102.259,0,paramA,P6661Z1G06N12_P6661Z1G10N12,6.364485,0,0,1.019689,1.02784,fitted,True,False,803.4246,803.112439,31.293417,31.281259,62.328212,62.303995
e6.5_f125,6.5,paramA,P6661Z1G06N12_P6661Z1G10N12,6.364485,125,False,실현 불가(격자),실현 불가(격자),102.259,0,paramA,P6661Z1G06N12_P6661Z1G10N12,6.364485,0,0,1.047269,1.055388,extrapolated_log_feed,True,True,825.154885,824.636994,32.139813,32.119641,61.965559,61.926668
e6.5_f129,6.5,paramA,P6661Z1G06N12_P6661Z1G10N12,6.364485,129,False,실현 불가(격자),실현 불가(격자),102.259,0,paramA,P6661Z1G06N12_P6661Z1G10N12,6.364485,0,0,1.067768,1.075746,extrapolated_log_feed,True,True,841.306936,840.544156,32.768936,32.739225,61.219485,61.163979
