cell,e_target,e_targets,n_targets,library_id,pair,e_core_pair,pair_spread,node_e_core,feed,per_fa_tU,M_HM_tU,n_candidates,n_in_band,n_feasible,pred_cyclen,sigma_cyclen,pred_f_r,pred_f_q,pred_cbc_max,pred_ao_abs,pred_max_pin_bu,B_cycle,B_d,min_pred_f_r,max_pred_cyclen_any,ref_cyclen,ref_f_r,n_store_feed,n_store_feed_ecore,n_store_feed_lib,n_store_pair_feed,in_distribution,node_record_id,node_origin,n_pareto,pareto_min_f_r,pareto_min_f_r_cyclen,pareto_cyclen_span,pareto_f_r_span,seconds,tier_reached,binding_constraint,binding_excess_pct,min_f_r,min_cbc_max,min_f_q,min_ao_abs,n_feasible_tier1,cyclen_tier1,f_r_tier1,sigma_cyclen_tier1,B_cycle_tier1,B_d_tier1,record_id_tier1,n_feasible_tier2,cyclen_tier2,f_r_tier2,sigma_cyclen_tier2,B_cycle_tier2,B_d_tier2,record_id_tier2,n_feasible_tier3,cyclen_tier3,f_r_tier3,sigma_cyclen_tier3,B_cycle_tier3,B_d_tier3,record_id_tier3
e5.0_f109,5.0,5.0,1,ga80,E1_E2,5.0,0.0,,109,0.42337,102.031,1200,1200,0,,,,,,,,,,1.5653749008479187,592.8294884370061,592.8294884370061,3.72528626169347,3934,489,1763,177,False,,,0,,,,,162.3,tier2,f_r,0.9919290869625064,1.5653749008479187,1053.3810630625846,1.9056757455118387,0.0218908552891682,0,,,,,,,123,590.8905552827605,1.6488406003438285,2.2842234450110053,23.06657446387432,51.00040775957533,19019229cc866899e588b1d6bf1a9f132fdc96ac43c925d3a6ce0b59d0ebcdaf,506,590.8905552827605,1.6488406003438285,2.2842234450110053,23.06657446387432,51.00040775957533,19019229cc866899e588b1d6bf1a9f132fdc96ac43c925d3a6ce0b59d0ebcdaf
e5.0_f113,5.0,5.0,1,ga80,E1_E2,5.0,0.0,5.0,113,0.42337,102.031,1200,1200,1,606.835279706024,1.1171874912679438,1.5456686128521286,1.9273333940328587,1261.7708595576014,0.0427218894948593,77.80806785306557,23.68900812765012,50.522574856315735,1.5456686128521286,609.7196578123089,,,763,134,751,134,False,dfb3fb07ca892132642adb3f0663dee1de1b2aa8646e9f52b3791c4db5a285b9,elite,1,1.5456686128521286,606.835279706024,0.0,0.0,164.1,tier1,f_r,-0.2794443321207374,1.5456686128521286,1054.5152864582974,1.9273333940328587,0.0227472772228923,1,606.835279706024,1.5456686128521286,1.1171874912679438,23.68900812765012,50.522574856315735,dfb3fb07ca892132642adb3f0663dee1de1b2aa8646e9f52b3791c4db5a285b9,167,607.4607859123494,1.644753275597282,2.758511087992405,23.713425992103737,50.57465189466373,32ee8b557e6dc87cc65f327fe77542bf3929ba2c1547effcc63ff307c65008a9,657,609.7196578123089,1.664168577360439,2.292313357529072,23.80160549746042,50.762716149451,a00344583ea41ca6581913b4b247eb1af4013a1facd0e03bc5069f4b9e9a091e
e5.0_f117,5.0,5.0,1,ga80,E1_E2,5.0,0.0,5.0,117,0.42337,102.031,1200,1200,70,624.2856582509603,1.6842926406819627,1.5332240679806823,1.9389687530318973,1309.471239513883,0.0394859717613155,76.0865039414245,24.37021796004784,50.198483148474615,1.5112959338438343,627.5767556464664,,,3587,796,2213,501,False,3720b88df81d3f3d41316c8dd7342bff4c3aa7237ee2a4a44981cdcda0518a6b,elite,5,1.5112959338438343,621.55057040159,2.735087849370302,0.021928134136848,198.5,tier1,f_r,-2.497036526204244,1.5112959338438343,1167.1895030204064,1.8805433039338613,0.0196693843339813,70,624.2856582509603,1.5332240679806823,1.6842926406819627,24.37021796004784,50.198483148474615,3720b88df81d3f3d41316c8dd7342bff4c3aa7237ee2a4a44981cdcda0518a6b,610,625.3254482127152,1.6117960466355454,0.2792998745943146,24.41080820533976,50.2820921152725,4ea9df8b12936840c8d8cb7ce8fa8b7beb3f09d1292a3b1592cb15e00bfbdf42,823,626.3846370476722,1.7858461483116703,1.7978388264923744,24.452155723783594,50.36726093531493,4b4151aeacc4eaef50e070c201647db456fa634756ec98c4f8625d3b811e4b88
e5.0_f121,5.0,5.0,1,ga80,E1_E2,5.0,0.0,5.0,121,0.42337,102.031,1200,1200,377,639.1590636181631,1.4880845419031583,1.5454371502192032,1.942861292927493,1330.547312146986,0.0389377843808134,69.97775099332394,24.95083057835209,49.69545594531284,1.4943275732383727,641.082402255651,,,44292,1317,3450,1097,True,140cb9d0b746640ff44ea33c91d1c5ce7ac6cd4846e262e9e1ddfe07bcf189b4,elite,12,1.4943275732383727,636.6043608239768,2.554702794186369,0.0511095769808305,162.2,tier1,f_r,-3.59176946849209,1.4943275732383727,1222.3129202601212,1.8574227495785849,0.0207871447610879,377,639.1590636181631,1.5454371502192032,1.4880845419031583,24.95083057835209,49.69545594531284,140cb9d0b746640ff44ea33c91d1c5ce7ac6cd4846e262e9e1ddfe07bcf189b4,775,640.7824990039712,1.6471123279139106,1.9589436867530647,25.014204570167053,49.82168017694429,9c8a7daf386162b2ddf5bcb5df876910207cd6deee58b00f8117b40321adfc84,894,640.8460246785355,1.6624995915920278,2.1559256001575977,25.01668441975951,49.82661938150448,bf68c965a782cad580c9783cbdc53f8bbbfae676f121caa4f584de80ddf6d15f
e5.0_f125,5.0,5.0,1,ga80,E1_E2,5.0,0.0,5.0,125,0.42337,102.031,1200,1200,47,648.6394402241764,2.14197954120138,1.5469962497972634,1.951578766974952,1350.3592568111908,0.0369297801161393,70.1209325929136,25.320915716747184,48.81872550188857,1.493442919074523,651.0256574114294,,,4052,710,2200,450,False,7eab6d8c1acabab57758f64fd56a4baaaaa835e704dca0f6f85948bd6d7eab2f,elite,5,1.493442919074523,642.4727069661806,6.166733257995816,0.05355333072274,169.0,tier1,f_r,-3.648843930675916,1.493442919074523,1200.8362396235543,1.8846917735737183,0.0206442518990459,47,648.6394402241764,1.5469962497972634,2.14197954120138,25.320915716747184,48.81872550188857,7eab6d8c1acabab57758f64fd56a4baaaaa835e704dca0f6f85948bd6d7eab2f,632,649.93483729507,1.6470150193843147,2.902551983677288,25.37148408804524,48.916221321751216,fba15ea5d2d9352b24b0ed3ab9fdd2ed09dc0b818da81513def484965725680a,836,649.93483729507,1.6470150193843147,2.902551983677288,25.37148408804524,48.916221321751216,fba15ea5d2d9352b24b0ed3ab9fdd2ed09dc0b818da81513def484965725680a
e5.0_f129,5.0,5.0,1,ga80,E1_E2,5.0,0.0,,129,0.42337,102.031,1200,1200,0,,,,,,,,,,1.5525333520196276,657.97768229708,657.97768229708,2.197270006724043,274,28,262,20,False,,,0,,,,,186.9,tier2,f_r,0.1634420657824264,1.5525333520196276,1225.75276070042,2.023775858972252,0.0246731505660004,0,,,,,,,350,654.8126699716147,1.624706864331047,2.864496519646599,25.56189987596047,47.755177287647086,b0aa5f4c523674b31f7de67db82e5e4cbe22ea60bfc3e6e6cbedad2e61de32e3,582,655.6155205788932,1.7157022982300234,3.1964773440001086,25.59324072774866,47.813728801452925,a7520a662371d5c9900b46e82bf5a3be51435991178d7af05e72cba6168ba2c0
e5.1_f109,5.1,5.1,1,ga80,J1_J2,5.1,0.0,,109,0.42337,102.031,1200,1200,0,,,,,,,,,,1.604991478650145,599.5590521252643,599.5590521252643,1.6485854446159312,3934,223,1763,223,False,,,0,,,,,179.9,tier2,f_r,3.5478373322674006,1.604991478650145,1043.4826921280671,1.99395492227775,0.0285872507305004,0,,,,,,,23,599.5590521252643,1.6485854446159312,1.583284978069995,23.40496627961724,51.748595168695,53efdfaf295d204f86c2a3cdb053e25211c4bf488ae2a9ef339c5f7940e1b9cc,525,599.5590521252643,1.6485854446159312,1.583284978069995,23.40496627961724,51.748595168695,53efdfaf295d204f86c2a3cdb053e25211c4bf488ae2a9ef339c5f7940e1b9cc
e5.1_f113,5.1,5.1,1,ga80,J1_J2,5.1,0.0,,113,0.42337,102.031,1200,1200,0,,,,,,,,,,1.5965112524265004,617.2934360224814,617.2934360224814,1.62378604614613,763,44,751,44,False,,,0,,,,,182.0,tier2,f_r,3.0007259630000283,1.5965112524265004,1092.5640841754648,2.027763038887564,0.0290268683606735,0,,,,,,,298,617.2934360224814,1.62378604614613,0.8245009362904884,24.09726281927057,51.39327734021423,cf01fa87e8e655af094dd010a18f2f645b77b0c831c881f294e2ea3db0ceb4c1,791,617.2934360224814,1.62378604614613,0.8245009362904884,24.09726281927057,51.39327734021423,cf01fa87e8e655af094dd010a18f2f645b77b0c831c881f294e2ea3db0ceb4c1
e5.1_f117,5.1,5.1,1,ga80,J1_J2,5.1,0.0,5.1,117,0.42337,102.031,1200,1200,67,632.7417623494998,0.9764669797468748,1.5424678354236985,1.948211693354969,1300.5644535639622,0.0479479044572152,73.0507292950617,24.700318607484817,50.87843405473368,1.519090433479954,632.7916586629497,,,3587,364,2213,338,False,ca6640302b6ecfb2e74aee72dce0a9f1082789f8bf69dd3b1a9dbef6068290ba,elite,5,1.519090433479954,624.9102798171535,7.831482532346285,0.0233774019437444,178.4,tier1,f_r,-1.9941655819384565,1.519090433479954,1153.6573506912246,1.9086452731913075,0.0213446723983232,67,632.7417623494998,1.5424678354236985,0.9764669797468748,24.700318607484817,50.87843405473368,ca6640302b6ecfb2e74aee72dce0a9f1082789f8bf69dd3b1a9dbef6068290ba,644,632.7417623494998,1.5424678354236985,0.9764669797468748,24.700318607484817,50.87843405473368,ca6640302b6ecfb2e74aee72dce0a9f1082789f8bf69dd3b1a9dbef6068290ba,762,632.7916586629497,1.6804396407225308,1.4607472501994037,24.70226640817206,50.88244619119202,3158bcc0822ceb0943f955c99cfda0f5327bc2220bf0ba5c4a1c945040434914
e5.1_f121,5.1,5.1,1,ga80,J1_J2,5.1,0.0,5.1,121,0.42337,102.031,1200,1200,272,643.7186604206547,0.5223087063176828,1.5466450030229415,1.9382771564685397,1315.647017862934,0.0449729914491934,71.70605405158406,25.12882340330016,50.04997058012676,1.4937424277736882,646.2465224422393,,,44292,408,3450,150,True,85f685330b3d6dc246b843c77456cd1e40838e96dfbb6fcb7a11e7712e8c1e58,guided,8,1.4937424277736882,634.6685920076169,9.05006841303782,0.0529025752492533,173.0,tier1,f_r,-3.629520788794316,1.4937424277736882,1175.4922661220023,1.851144087022838,0.0221101901892496,272,643.7186604206547,1.5466450030229415,0.5223087063176828,25.12882340330016,50.04997058012676,85f685330b3d6dc246b843c77456cd1e40838e96dfbb6fcb7a11e7712e8c1e58,760,646.2465224422393,1.624358556131097,1.4130683358608112,25.227503466865198,50.24651516954143,937c25090dc4a4285ca6a4d071bdfd57ba8a4aa7752aa52b05e6c3a4ce018daa,887,646.2465224422393,1.624358556131097,1.4130683358608112,25.227503466865198,50.24651516954143,937c25090dc4a4285ca6a4d071bdfd57ba8a4aa7752aa52b05e6c3a4ce018daa
e5.1_f125,5.1,5.1,1,ga80,J1_J2,5.1,0.0,,125,0.42337,102.031,1200,1200,0,,,,,,,,,,1.5598785027758946,657.8838930286145,657.8838930286145,1.858777890949141,4052,212,2200,212,False,,,0,,,,,157.0,tier2,f_r,0.6373227597351372,1.5598785027758946,1203.4215334873147,1.906893705093721,0.0245028500787069,0,,,,,,,515,657.09820348514,1.6428815950405586,1.2951804827884197,25.65112016981706,49.45535968740729,d0843bc77b297fb9d39fb71b9e699a0ad270ee1f9149ba97ee4b75db465e5600,809,657.09820348514,1.6428815950405586,1.2951804827884197,25.65112016981706,49.45535968740729,d0843bc77b297fb9d39fb71b9e699a0ad270ee1f9149ba97ee4b75db465e5600
e5.1_f129,5.1,5.1,1,ga80,J1_J2,5.1,0.0,,129,0.42337,102.031,1200,1200,0,,,,,,,,,,1.5736195661615728,664.9529395888394,664.9529395888394,2.4029665920981254,274,8,262,8,False,,,0,,,,,163.1,tier2,f_r,1.52384297816599,1.5736195661615728,1177.002362891478,2.038806148278695,0.0295089220306314,0,,,,,,,348,661.418480596599,1.6430133389725148,2.516143700935884,25.8197706801444,48.23693592182016,666b25af7f6ccc418a5b1754b062e92a6934f141e4477a8fca1fa6d2bcdd4b15,638,663.1041970394585,1.6884209194665742,2.9135667716187434,25.8855759354604,48.35987442206168,3b3927bf63ac35dfc0482f1d0f81c95e88561d971cb9a503ee9101493232f1a9
e5.2_f109,5.2,5.2,1,ga80,K1_K2,5.2,0.0,,109,0.42337,102.031,1200,1200,0,,,,,,,,,,1.595708579863236,609.6745226551234,609.6745226551234,1.8947565993548936,3934,111,1763,135,False,,,0,,,,,156.2,tier2,f_r,2.948940636337793,1.595708579863236,1116.5609431031571,1.969938122420344,0.0262228047677439,0,,,,,,,88,607.7188194459518,1.642227180440951,1.021804153035737,23.723498838358942,52.45287357838997,182d347dc167d603d28705641a614407fdc979d0246fbd32b3595315f426e826,359,607.7188194459518,1.642227180440951,1.021804153035737,23.723498838358942,52.45287357838997,182d347dc167d603d28705641a614407fdc979d0246fbd32b3595315f426e826
e5.2_f113,5.2,5.2,1,ga80,K1_K2,5.2,0.0,,113,0.42337,102.031,1200,1200,0,,,,,,,,,,1.6163709746123245,631.290547499082,631.290547499082,1.681730868133254,763,55,751,79,False,,,0,,,,,163.5,tier2,f_r,4.281998362085426,1.6163709746123245,1169.0250043227272,2.0560457855653915,0.0225854919112361,0,,,,,,,78,629.1016645065872,1.648111965726104,2.149459797797664,24.558220232077293,52.37638120292591,9228944c70e9adc039bf70ede943d206f237201aac8b8b96caab934b7b0e07d2,745,631.290547499082,1.681730868133254,1.8828843536403868,24.6436675828391,52.55861847313472,26c1dd4cb9fdfa7e05712b71a28b65a049d514e9571edd521afe359de1417cf6
e5.2_f117,5.2,5.2,1,ga80,K1_K2,5.2,0.0,5.200000000000001,117,0.42337,102.031,1200,1200,44,645.2933751663645,0.55363721867292,1.5401263528189988,1.938857080269921,1306.926735282579,0.0492987796048264,73.69869848121951,25.190295489148436,51.88770267422883,1.5354037187978222,647.1433433713265,,,3587,179,2213,201,False,4add814d4e9d1b9cdfe56fe5b9f37bd9c9adfc25c764bc6c48a7669646bf15f8,elite,2,1.5354037187978222,644.8922063615838,0.4011688047806956,0.0047226340211765,182.0,tier1,f_r,-0.941695561430822,1.5354037187978222,1217.962756705628,1.9245282599959737,0.0224778880828817,44,645.2933751663645,1.5401263528189988,0.55363721867292,25.190295489148436,51.88770267422883,4add814d4e9d1b9cdfe56fe5b9f37bd9c9adfc25c764bc6c48a7669646bf15f8,611,647.1433433713265,1.6217306303390011,1.6173138618006115,25.262512634902496,52.03645764967096,485d69da40177b3521644c9842d50f2fa1e04ef85dbbd13fedc179ecbf377bb5,816,647.1433433713265,1.6217306303390011,1.6173138618006115,25.262512634902496,52.03645764967096,485d69da40177b3521644c9842d50f2fa1e04ef85dbbd13fedc179ecbf377bb5
e5.2_f121,5.2,5.2,1,ga80,K1_K2,5.2,0.0,5.2,121,0.42337,102.031,1200,1200,308,657.0254376751909,0.7793811231699768,1.5425571359842891,1.9538286056551948,1306.449636924074,0.0462898194788668,72.90276283630566,25.648279613374573,51.08458997374605,1.4871005966808335,660.0569777748827,,,44292,437,3450,416,True,21a5c3a78d827e6009661f1c4ed74999d70c4a97420d049537f752c5d3d6d510,elite,14,1.4871005966808335,648.7215115259071,8.303926149283825,0.0554565393034554,149.9,tier1,f_r,-4.0580260205913765,1.4871005966808335,1263.9742175620213,1.8611842004942287,0.0250586606985038,308,657.0254376751909,1.5425571359842891,0.7793811231699768,25.648279613374573,51.08458997374605,21a5c3a78d827e6009661f1c4ed74999d70c4a97420d049537f752c5d3d6d510,710,658.4527263443313,1.5603964774771075,1.2578671153055725,25.70399663249737,51.19556354075923,52df2feeccb1e74fbccc6520a684f7be78c511c31f1d4b47fb7c5bcbc40be54f,865,658.9085476553846,1.6528848617120062,1.5563470442901082,25.7217905134786,51.23100424585407,31c40701231068dbfa0303e5eb7a27ebe209298b68393b042efc9cd70ef6eb73
e5.2_f125,5.2,5.2,1,ga80,K1_K2,5.2,0.0,5.2,125,0.42337,102.031,1200,1200,47,667.4800389124912,1.5240363684557203,1.5490748741332152,1.94631672882442,1306.4405535687467,0.0496460064202367,72.57753513876034,26.056395525491155,50.23673057314694,1.5282698691430732,677.3861767866215,,,4052,43,2200,67,False,4c425ee1cfdb291f11d8107e4ab8563e9d163151befbc80049f2280b7caba751,elite,8,1.5282698691430732,656.5536348438827,10.926404068608464,0.020805004990142,168.4,tier1,f_r,-1.4019439262533462,1.5282698691430732,1264.8356578880164,1.9183026361719344,0.0268473483958529,47,667.4800389124912,1.5490748741332152,1.5240363684557203,26.056395525491155,50.23673057314694,4c425ee1cfdb291f11d8107e4ab8563e9d163151befbc80049f2280b7caba751,619,670.5671809614353,1.606047421589028,1.876431011181905,26.176908184419087,50.46907897956,b76bf063685bd3e74b46c6dea3bd04ca741315fbbe112e226e8f1f2572c5d7ec,780,671.6738388820636,1.75232126849735,2.0069172091411502,26.22010875194211,50.55236967374439,2ca6e7334835f5681cbe0d62c9cc3017540135853051d450102004e443397aa8
e5.2_f129,5.2,5.2,1,ga80,K1_K2,5.2,0.0,,129,0.42337,102.031,1200,1200,0,,,,,,,,,,1.5604938835492113,678.812381307285,678.812381307285,2.498852078364206,274,18,262,18,False,,,0,,,,,142.3,tier2,f_r,0.6770247451103995,1.5604938835492113,1253.1551226652375,2.026792297649673,0.0279297202460838,0,,,,,,,265,674.353043174887,1.6260945478702131,2.2694095442517463,26.32469675859043,49.18024743271546,da199d591dcd9ea6edae84fbbe1ddde43974356b56e6f28774349f010fb06a66,566,677.3224791107157,1.7435895597151654,2.476317082733576,26.440614527993127,49.39680698640576,00d96d03d2537e548328084dbb72659d8b8d09fb6527db0f53aac759d4d8a893
e5.3_f109,5.3,5.3,1,ga80,L1_L2,5.3,0.0,,109,0.42337,102.031,1200,1200,0,,,,,,,,,,1.6196752366470155,615.3017147558136,615.3017147558136,1.981070097803046,3934,344,1763,107,False,,,0,,,,,159.3,tier2,f_r,4.495176557871972,1.6196752366470155,1140.6549247713103,1.9913985491564508,0.0230817213215317,0,,,,,,,4,609.0957647562338,1.6348993134685796,0.9266863281884402,23.77725060549813,52.571719228670176,f08e571dfc0a3ca0c2d80ed741e65b7e4a35658e50b9784a54e2e01fa0f3cc00,369,614.9723709070188,1.730999731156253,2.3306267827421228,24.006655479480383,53.0789355096768,1c115ed57c6aec4ffb9b22ebc4bde85cb78f70c05fe40d77607e7a147f2dca33
e5.3_f113,5.3,5.3,1,ga80,L1_L2,5.3,0.0,,113,0.42337,102.031,1200,1200,0,,,,,,,,,,1.5984601296558312,635.1960740081138,635.1960740081138,1.8418528059424752,763,73,751,30,False,,,0,,,,,164.6,tier2,f_r,3.126459977795548,1.5984601296558312,1194.122507017513,1.955838260361628,0.0252356427975745,0,,,,,,,99,631.0630122397455,1.6477019547047551,0.6857409510085198,24.634785296676768,52.53967483627523,1a4d4ba887fe37dc0a46e901aa130a02ba63adf1af079eeaf00a0fd272e30952,524,631.9219118991944,1.65920853496249,0.7610505108317241,24.668314133403893,52.61118324026848,be5f13695787223efdfc56998cad2c0026367b66b67f9e2e27bd6b8088fa5df4
e5.3_f117,5.3,5.3,1,ga80,L1_L2,5.3,0.0,5.299999999999999,117,0.42337,102.031,1200,1200,11,638.7552274553428,0.7029014846089323,1.544730177239336,1.9318850143947184,1339.462221279427,0.0401118220988954,81.63362092471417,24.93506603983032,51.36197363759921,1.5216610406061348,649.9561872614192,,,3587,330,2213,245,False,9db42bc39331560fc4d212a1dbdf4c5f1e6eae1f4a33ded0561a797f6e4604b1,guided,4,1.5216610406061348,636.2706700350478,2.4845574202950047,0.0230691366332012,197.5,tier1,f_r,-1.828319960894531,1.5216610406061348,1235.002882463176,1.9066436223170944,0.0235348298144338,11,638.7552274553428,1.544730177239336,0.7029014846089323,24.93506603983032,51.36197363759921,9db42bc39331560fc4d212a1dbdf4c5f1e6eae1f4a33ded0561a797f6e4604b1,515,649.3106884683566,1.6318228040682894,1.3633317533052003,25.34711921157325,52.21073273495004,cdd277511e2e0d73876ebecff5439205c107de04c16773d2fa1beb6ecf522ee2,800,649.3106884683566,1.6318228040682894,1.3633317533052003,25.34711921157325,52.21073273495004,cdd277511e2e0d73876ebecff5439205c107de04c16773d2fa1beb6ecf522ee2
e5.3_f121,5.3,5.3,1,ga80,L1_L2,5.3,0.0,5.3,121,0.42337,102.031,1200,1200,293,663.128764529207,1.279653392599981,1.5497241616194684,1.9460336113173609,1339.9181521816245,0.047978106133088,73.63053030879071,25.88653497572024,51.55913164585602,1.4851835484969718,667.5020529544071,,,44292,117,3450,78,True,e8aa6b3ae4f0e140a6054ec4700c388f9674a269b547f3b4827b83511e51cbad,guided,14,1.4851835484969718,654.5357179068343,8.593046622372754,0.0645406131224965,162.1,tier1,f_r,-4.181706548582465,1.4851835484969718,1273.9321682154575,1.8501607440280312,0.0260816642847847,293,663.128764529207,1.5497241616194684,1.279653392599981,25.88653497572024,51.55913164585602,e8aa6b3ae4f0e140a6054ec4700c388f9674a269b547f3b4827b83511e51cbad,714,664.4793618177489,1.609529840653086,1.1262110471104547,25.939258196032927,51.664142357387895,7ed5dade112e65920d439ac551778a0d371c19d05968dcc58dd1840bc5493af5,877,665.0779104483325,1.743174572693779,1.5985150335924403,25.962623718521264,51.71068029887293,0449d01550f3ef3bea6e36549a3bdc494ebc7993bf3353ef466e44465fd1584b
e5.3_f125,5.3,5.3,1,ga80,L1_L2,5.3,0.0,5.3,125,0.42337,102.031,1200,1200,45,669.4158127149833,1.833716147589568,1.549000860090792,1.961146283324184,1328.566442225075,0.0522027465161226,72.6413796893734,26.131962261431006,50.38242324003898,1.53234577859272,674.0356618747271,,,4052,371,2200,137,False,42742ee4dc4edeb4b3104c9aab28a99f534128d75b50171b87408d9f014681d0,guided,4,1.53234577859272,668.7776766502378,0.6381360647454812,0.0166550814980719,168.9,tier1,f_r,-1.1389820262761363,1.53234577859272,1280.204583047646,1.9365567227524785,0.0238161432720142,45,669.4158127149833,1.549000860090792,1.833716147589568,26.131962261431006,50.38242324003898,42742ee4dc4edeb4b3104c9aab28a99f534128d75b50171b87408d9f014681d0,566,671.2683474128843,1.6116907085334582,1.7367603800858735,26.204279595282443,50.52185105970455,c96b6f59aa72aacdf5013e6ac1cd6271e72253b3696b9d2643b02605dbb6511b,718,671.669866957391,1.6598227530661869,2.4901333313578853,26.219953700054063,50.55207073370424,07267cfa24a28b53e175fe4da1b7cfb42eb11eabe7e0ea5616ba6775755c757d
e5.3_f129,5.3,5.3,1,ga80,L1_L2,5.3,0.0,,129,0.42337,102.031,1200,1200,0,,,,,,,,,,1.5828627961466717,684.5480147584121,684.5480147584121,1.920785852412384,274,58,262,14,False,,,0,,,,,182.6,tier2,f_r,2.120180396559457,1.5828627961466717,1265.1008503162525,2.0383494584286272,0.0298648735320954,0,,,,,,,163,678.0247143166557,1.644470282852254,1.6928123238844055,26.468027659789108,49.44802066673779,c5762b0449a39ed47234856b6c23aefad581eedc4d78e7fbc0c112bce2dd706b,460,681.8385079104185,1.717234457529138,2.6605652933914445,26.616906590301507,49.72615882374158,8971e89432eaf51a74112c73965e8f59cc118965e2ee4f95169aaa041e7a3365
e5.4_f109,5.4,5.4,1,ga80,N1_N2,5.4,0.0,,109,0.42337,102.031,1200,1200,0,,,,,,,,,,1.5779683233664052,629.2245339029308,629.2245339029308,1.8909752866399288,3934,122,1763,122,False,,,0,,,,,180.5,tier2,f_r,1.8044079591229112,1.5779683233664052,1249.682213330128,1.919582301721812,0.0232602749680069,0,,,,,,,257,627.2528834897765,1.6214819144658386,2.1127706255212035,24.48604943054662,54.1388799335939,51e5423717a5c37f273f5369933b4008cf2ff71859e25f0e628f8d8688ce698b,578,627.8782972807621,1.738250774402075,2.6247923821128247,24.51046368738577,54.19286007944927,4d15c61e192e30a3fe7fdc262d982ca1b643cd224c19a9e3e69df5098a2f8266
e5.4_f113,5.4,5.4,1,ga80,N1_N2,5.4,0.0,5.4,113,0.42337,102.031,1200,1200,255,643.7195384373545,1.3710627824330155,1.5462905915702787,1.9152325301628523,1411.068376954072,0.0411769096387653,87.39179821446857,25.12885767840813,53.593404429171336,1.5145133409443945,647.6041693885232,,,763,270,751,226,False,34e5f73d1e6be6e3f68427cf18803862bc98760bf7eee9f46e8181e46fc4db60,elite,11,1.5145133409443945,638.422683354645,5.296855082709499,0.0317772506258842,183.7,tier1,f_r,-2.2894618745551987,1.5145133409443945,1300.834968655449,1.854349362345724,0.0224925931230727,255,643.7195384373545,1.5462905915702787,1.3710627824330155,25.12885767840813,53.593404429171336,34e5f73d1e6be6e3f68427cf18803862bc98760bf7eee9f46e8181e46fc4db60,641,644.1496840622569,1.6022406003205538,2.0472654911446626,25.145649258504346,53.629216560172985,0d3b85e76c71aa0f3c32ad43527c4ead4043c8fc3b3ce62d1115543b30f29d2a,782,644.1496840622569,1.6022406003205538,2.0472654911446626,25.145649258504346,53.629216560172985,0d3b85e76c71aa0f3c32ad43527c4ead4043c8fc3b3ce62d1115543b30f29d2a
e5.4_f117,5.4,5.4,1,ga80,N1_N2,5.4,0.0,5.4,117,0.42337,102.031,1200,1200,2,653.3070881333135,1.2224470299114634,1.546586563608261,1.9160825055729465,1406.7034069664105,0.0422907062353695,82.93179497519351,25.50312652906205,52.53208114105944,1.5414505518895671,667.1358485353123,,,3587,217,2213,217,False,c884eddbb117522ba99234bffd55bb3c3674adecfe76f5d31d144cac6d2a7804,elite,2,1.5414505518895671,652.9440934299491,0.362994703364393,0.0051360117186938,182.3,tier1,f_r,-0.551577297447281,1.5414505518895671,1305.797583717077,1.910095410181816,0.023025365843906,2,653.3070881333135,1.546586563608261,1.2224470299114634,25.50312652906205,52.53208114105944,c884eddbb117522ba99234bffd55bb3c3674adecfe76f5d31d144cac6d2a7804,369,665.3700640470822,1.6476938572055018,1.716648932194751,25.974028508596515,53.50205872283556,c41470e93ecc0cdbcd53cdb340fa97ff832fbbb4c7607fcdedbaab40958c43ed,748,665.3700640470822,1.6476938572055018,1.716648932194751,25.974028508596515,53.50205872283556,c41470e93ecc0cdbcd53cdb340fa97ff832fbbb4c7607fcdedbaab40958c43ed
e5.4_f121,5.4,5.4,1,ga80,N1_N2,5.4,0.0,5.4,121,0.42337,102.031,1200,1200,133,680.0912456801804,1.5590021706309556,1.5494406954892894,1.9352448898913883,1430.5708329857075,0.0503579679468826,74.32765729946418,26.548698774181624,52.87798681469233,1.493717090111148,685.002128605253,,,44292,30448,3450,230,True,274ac30426c5cb8c41c2bbe3da45dda0d264e7a5429c9766290eb5d47d4c5959,elite,14,1.493717090111148,671.7427265861136,8.348519094066774,0.0557236053781413,167.4,tier1,f_r,-3.631155476700132,1.493717090111148,1349.4316511921863,1.856524672075616,0.0230511164900155,133,680.0912456801804,1.5494406954892894,1.5590021706309556,26.548698774181624,52.87798681469233,274ac30426c5cb8c41c2bbe3da45dda0d264e7a5429c9766290eb5d47d4c5959,658,682.7558294429725,1.6229532916248588,2.4783029586217338,26.652716039697516,53.08516169890166,d7979202e155189583bad7caa40f84d301966a48570fc379369d8c483121766e,782,685.002128605253,1.7250399042196691,2.1208305285230686,26.740404743522006,53.25981440651904,f587ec2aa0ab2205cfad3e81eddd40cdfec1f2721a3fe6bccc8ef3b08b080174
e5.4_f125,5.4,5.4,1,ga80,N1_N2,5.4,0.0,,125,0.42337,102.031,1200,1200,0,,,,,,,,,,1.5504808358767526,691.4112643798878,691.4112643798878,2.392200477330687,4052,150,2200,150,False,,,0,,,,,156.1,tier2,f_r,0.0310216694679121,1.5504808358767526,1349.640072657045,1.9239196447240168,0.0254440650131506,0,,,,,,,570,689.437833611021,1.6169502345427946,3.1658601722578026,26.913561208624696,51.889346010228415,f8018d590d8aedb06dcdd5ad5a32c18aedf3d4d2b93e393bc02387edd4555d79,767,689.437833611021,1.6169502345427946,3.1658601722578026,26.913561208624696,51.889346010228415,f8018d590d8aedb06dcdd5ad5a32c18aedf3d4d2b93e393bc02387edd4555d79
e5.4_f129,5.4,5.4,1,ga80,N1_N2,5.4,0.0,,129,0.42337,102.031,1200,1200,0,,,,,,,,,,1.6180870049808982,703.2626784710665,703.2626784710665,2.01823674455259,274,50,262,22,False,,,0,,,,,160.9,tier2,f_r,4.392709998767619,1.6180870049808982,1359.2652834899914,2.0272408003550177,0.028085487849833,0,,,,,,,70,696.9144422376448,1.6476174520530409,3.8033911500755258,27.20542532471424,50.825639560125055,6dec060eef1e43a11c5a11583db5a7c8f5a55b54058c899d6875a5b1167b69c7,443,699.7580333732367,1.79214341144949,2.2029318036080348,27.31643049493998,51.03302131225221,f5aa4a7ce16d8b0fe736dc28bcaf6240e3c97aa80022b78349dca3e517c9f540
e5.5_f109,5.5,5.5,1,ga80,G3_G4,5.5,0.0,,109,0.42337,102.031,1200,1200,0,,,,,,,,,,1.7169973743694136,644.1244960761824,644.1244960761824,2.6578427466912373,3934,450,1763,128,False,,,0,,,,,157.5,tier3,f_r,10.77402415286539,1.7169973743694136,1289.3491990916232,2.160506773355744,0.0213311704595934,0,,,,,,,0,,,,,,,226,642.7599107796136,1.794628326847689,1.6698195154272728,25.09139672624538,55.47730835802878,ea01e4a8025440ee09c2e5f9b7e4e42f32fa68e1453b0673505e8ded67f06484
e5.5_f113,5.5,5.5,1,ga80,G3_G4,5.5,0.0,,113,0.42337,102.031,1200,1200,0,,,,,,,,,,1.5896342612831786,663.531243156097,663.531243156097,1.7540298801235854,763,151,751,67,False,,,0,,,,,159.9,tier2,f_r,2.557049115043774,1.5896342612831786,1330.7766400607104,1.9679195950059056,0.0224924856741806,0,,,,,,,136,662.4726895963249,1.6418338795966398,2.3286595288749554,25.860923800930067,55.15471359313403,4968a2571edc96d82f74efaffc8cee50c1c4e67d3e7f18017db9a44fc421d6cd,637,663.531243156097,1.7540298801235854,3.2118204208961783,25.902246520158165,55.24284434830193,151880d6de78ea6ea3079e7c85cd0f9f9aee8c07da184921b135c370d4dd5ffa
e5.5_f117,5.5,5.5,1,ga80,G3_G4,5.5,0.0,,117,0.42337,102.031,1200,1200,0,,,,,,,,,,1.5822985707870196,686.1936810138973,686.1936810138973,1.7925508711702696,3587,365,2213,144,False,,,0,,,,,179.4,tier2,f_r,2.08377876045287,1.5822985707870196,1374.300246516221,1.9572931541027172,0.0251007591943339,0,,,,,,,156,683.1756176586863,1.6458376218262778,2.437716660429812,26.66910329796429,54.933793972729866,0a71f68b33772c39e3740196b76b0f8c56d33adbd773ac8154064f2549b513a0,732,686.1936810138973,1.7925508711702696,3.000871903856184,26.78691933427976,55.17647486804635,274c9723da95add8534b7acf5e85c0ea00d3a8f5ddc71be987547ee6e669895e
e5.5_f121,5.5,5.5,1,ga80,G3_G4,5.5,0.0,5.5,121,0.42337,102.031,1200,1200,17,690.9468450469626,1.0765372828382256,1.540362888997844,1.9322559706807705,1540.8772101414652,0.0431573950517556,75.0813320852898,26.97246843660929,53.72202391093256,1.5330212989415106,700.1234603891346,,,44292,8928,3450,406,True,67da6691c101893688adc7e8993a6c3792f060e1d93e0e2584ff57312463eac2,elite,4,1.5330212989415106,689.083244484445,1.863600562517604,0.0073415900563333,142.4,tier1,f_r,-1.0954000682896423,1.5330212989415106,1424.5326874547109,1.912171282120696,0.0255311540822736,17,690.9468450469626,1.540362888997844,1.0765372828382256,26.97246843660929,53.72202391093256,67da6691c101893688adc7e8993a6c3792f060e1d93e0e2584ff57312463eac2,628,698.5998291246415,1.6308217176626083,2.2334136679042,27.27121771516926,54.31705346575034,0c0d77ebf6766a890ee1c14a2ec619bc4c050d760e9236bcf32681f4a16fe58c,792,698.9772929687963,1.7361717762340507,2.3601987535726505,27.285952758386276,54.3464017749677,6e32d32de163f4908e779f1fc1c7a79fc40172b15b5082f03906f497f4be115e
e5.5_f125,5.5,5.5,1,ga80,G3_G4,5.5,0.0,,125,0.42337,102.031,1200,1200,0,,,,,,,,,,1.6087278211406304,712.2483282212163,712.2483282212163,1.9589678849448555,4052,690,2200,390,False,,,0,,,,,172.7,tier2,f_r,3.78889168649228,1.6087278211406304,1424.7556549407443,2.0428384957955963,0.0264007412320516,0,,,,,,,314,705.0323461349878,1.6436154185143876,1.4840346898957295,27.52232366242592,53.06304002115717,f51575b31a0441319b1704de66ff60e3c3e5f81162687899e3aa26a6e2732184,718,707.3983678934208,1.776381217406746,2.352738202076378,27.61468597315523,53.24111455624328,941bc2275b6564ea546ea8d51a9eccb3cefcf4a0143599a5d8cb57422ce85516
e5.5_f129,5.5,5.5,1,ga80,G3_G4,5.5,0.0,,129,0.42337,102.031,1200,1200,0,,,,,,,,,,1.5535502375771142,721.4979322690606,721.4979322690606,2.766318589021437,274,100,262,38,False,,,0,,,,,147.1,tier2,f_r,0.2290475856202567,1.5535502375771142,1425.960984991842,1.9547175006642727,0.0244954980500637,0,,,,,,,288,717.1610634910891,1.6254582775420028,3.4594865733112434,27.99579198840367,52.30221604035105,93c25eb5212d6f728890162d52634252dc0603925ab57e2c31a92e91fa27ee41,520,717.1610634910891,1.6254582775420028,3.4594865733112434,27.99579198840367,52.30221604035105,93c25eb5212d6f728890162d52634252dc0603925ab57e2c31a92e91fa27ee41
e5.6_f109,5.6,5.6,1,paramA,P6253Z2G06N24_P6253Z2G10N24,5.598053478792954,0.0085267821058891,,109,0.42216,101.74,1200,1200,0,,,,,,,,,,1.7921652490674127,661.6205197031251,661.6205197031251,2.027859366242846,3934,0,2171,0,False,,,0,,,,,162.2,tier3,f_r,15.623564455962114,1.7921652490674127,1358.3995729460037,2.241484251495311,0.0249939086225106,0,,,,,,,0,,,,,,,2,657.7114521304255,1.7931410563095949,2.8646218144909605,25.74856064712476,56.93030381611988,cf5269a73890afa02238272daed157fe5b36b98fbc0dca4e3c474cb27d208140
e5.6_f113,5.6,5.6,1,paramA,P6253Z2G06N24_P6253Z2G10N24,5.598053478792954,0.0085267821058891,,113,0.42216,101.74,1200,1200,0,,,,,,,,,,1.731239866085388,674.8170557696835,674.8170557696835,2.368988900139545,763,0,12,0,False,,,0,,,,,165.0,tier3,f_r,11.692894586154058,1.731239866085388,1396.4963567643715,2.180223261784035,0.0230464419907804,0,,,,,,,0,,,,,,,51,672.4177474233279,1.7906702915256203,2.7383701864091776,26.32429326515545,56.142961742499686,cfd7bca1637980fe641e2c80be72fda38c7a5f45d63ad51b3e51b31cac3dda9e
e5.6_f117,5.6,5.6,1,paramA,P6253Z2G06N24_P6253Z2G10N24,5.598053478792954,0.0085267821058891,,117,0.42216,101.74,1200,1200,0,,,,,,,,,,1.7319528702151077,691.0981910125439,691.0981910125439,2.3714949553588944,3587,0,1374,0,False,,,0,,,,,199.7,tier3,f_r,11.738894852587569,1.7319528702151077,1395.4467392503489,2.184546145045877,0.0222084509894541,0,,,,,,,0,,,,,,,59,685.1113343049027,1.7763517211823956,1.5810996028231097,26.821230927698945,55.24715088526022,6eea18182e9453fbe1e9d7d565778a30e21e1217d46678308cd7819271aeeaa6
e5.6_f121,5.6,5.6,1,paramA,P6253Z2G06N24_P6253Z2G10N24,5.598053478792954,0.0085267821058891,,121,0.42216,101.74,1200,1200,0,,,,,,,,,,1.7004457068471766,708.34689689061,708.34689689061,2.5236453742891745,44292,631,1991,0,True,,,0,,,,,165.7,tier3,f_r,9.7061746353017,1.7004457068471766,1445.2604390686447,2.143908571750324,0.0226827343720234,0,,,,,,,0,,,,,,,317,699.0173287876058,1.7846394419414018,1.6352181277305238,27.36563279440912,54.50510333431898,aa206dd482de86ff8ab0623835d82839beb1183668321e95d7f2f31dad2d4bf8
e5.6_f125,5.6,5.6,1,paramA,P6253Z2G06N24_P6253Z2G10N24,5.598053478792954,0.0085267821058891,,125,0.42216,101.74,1200,1200,0,,,,,,,,,,1.7047608062438653,712.6016415640439,712.6016415640439,1.8931184166165875,4052,0,1852,0,False,,,0,,,,,169.8,tier3,f_r,9.984568144765491,1.7047608062438653,1434.531449612189,2.1524876934344404,0.023632480535456,0,,,,,,,0,,,,,,,183,704.9051902834373,1.7047608062438653,2.005860118679591,27.596135028050057,53.20534833408051,b9b8913cac9bd98926c6c47945057e2ebc669437867fe47add29441304f27980
e5.6_f129,5.6,5.6,1,paramA,P6253Z2G06N24_P6253Z2G10N24,5.598053478792954,0.0085267821058891,,129,0.42216,101.74,1200,1200,0,,,,,,,,,,1.6948575811448972,721.6961480342077,721.6961480342077,2.894114369912903,274,0,12,0,False,,,0,,,,,188.2,tier3,f_r,9.34565039644497,1.6948575811448972,1453.847641941917,2.151330826973376,0.0225668427800513,0,,,,,,,0,,,,,,,156,712.3243009836604,1.7517102612496802,2.0563643342561564,27.88658370610431,52.09819126489256,23d65792bddfb53b4c1cd3f0a042df8590f22cca563fd53cf40f3d5d55e350c7
e5.7_f109,5.7,5.7,1,paramA,P5853Z1G08N12_P6253Z1G06N24,5.700413594677216,0.1711131393121912,,109,0.42375,102.123,1200,1142,0,,,,,,,,,,1.7481957963653136,681.6961020466198,681.6961020466198,1.96856418950343,3934,0,2171,0,False,,,0,,,,,176.6,tier3,f_r,14.920319186249342,1.7481957963653136,1788.0245442767764,2.213745705738908,0.0229509361548482,0,,,,,,,0,,,,,,,7,670.9424021008416,1.7481957963653136,4.586756263789737,26.168006357471302,57.85770212982187,d55c2f1df8126f7b2c886b9564849bffd1e6f58345d6bbd5bcf6dcd0411dfae7
e5.7_f113,5.7,5.7,1,paramA,P5853Z1G08N12_P6253Z1G06N24,5.700413594677216,0.1711131393121912,,113,0.42375,102.123,1200,1139,0,,,,,,,,,,1.7457354725732792,701.3119471531339,701.3119471531339,1.9440872779016656,763,0,12,0,False,,,0,,,,,180.1,tier3,f_r,15.616599440232616,1.7457354725732792,1827.367150513057,2.2195729391261745,0.0239300964463564,0,,,,,,,0,,,,,,,27,697.8805763419771,1.784325918732064,3.623790187070522,27.21864544749375,58.05038542341588,6af637b1ed8bad4dbfbb78974ae7504552f34cb248fdda8b0b9984d6b5fa8362
e5.7_f117,5.7,5.7,1,paramA,P5853Z1G08N12_P6253Z1G06N24,5.700413594677216,0.1711131393121912,,117,0.42375,102.123,1200,1147,0,,,,,,,,,,1.707944164325948,715.6079407280658,715.6079407280658,1.8059079420690975,3587,0,1374,0,False,,,0,,,,,177.7,tier3,cbc_max,17.350669853689226,1.707944164325948,1868.492020336844,2.182903494138258,0.0224617869780119,0,,,,,,,0,,,,,,,209,713.899562713486,1.7874812375567035,3.1384612373776037,27.843415824052677,57.35267703928798,34504c539363c6cd62f77a41b261f806bf9b21df81b2954a8495363ad7ff4197
e5.7_f121,5.7,5.7,1,paramA,P5853Z1G08N12_P6253Z1G06N24,5.700413594677216,0.1711131393121912,,121,0.42375,102.123,1200,1138,0,,,,,,,,,,1.6753572533182806,730.5220404911786,730.5220404911786,1.9324609498297751,44292,0,1991,0,True,,,0,,,,,167.3,tier3,cbc_max,19.70387145325356,1.6753572533182806,1915.2619432520569,2.172349082449231,0.0244005350703967,0,,,,,,,0,,,,,,,481,729.3449536822367,1.742349427781453,1.5153564873284764,28.44581490897912,56.65654043854518,db96975535988a6d18f9256f2ea5da83297075198ed62779b40e4484ca965286
e5.7_f125,5.7,5.7,1,paramA,P5853Z1G08N12_P6253Z1G06N24,5.700413594677216,0.1711131393121912,,125,0.42375,102.123,1200,1155,0,,,,,,,,,,1.7097119962236924,738.0206675027994,738.0206675027994,2.022193188403522,4052,0,1852,0,False,,,0,,,,,157.7,tier3,cbc_max,19.62406768564331,1.7097119962236924,1913.985082970293,2.2222281112465434,0.023915223750775,0,,,,,,,0,,,,,,,284,736.2174113833729,1.75775494412114,2.9612171595336,28.713853590469032,55.3603097224243,1facc364f5dc9b9659b5fd32828b4662ac1ec09534e741e99449c9a597994d78
e5.7_f129,5.7,5.7,1,paramA,P5853Z1G08N12_P6253Z1G06N24,5.700413594677216,0.1711131393121912,,129,0.42375,102.123,1200,1143,0,,,,,,,,,,1.7094688660763686,747.5623276208345,747.5623276208345,3.199797421383183,274,0,12,0,False,,,0,,,,,161.4,tier3,f_r,20.98758927675797,1.7094688660763686,1928.8201432832827,2.224079095696826,0.0238835434490139,0,,,,,,,0,,,,,,,202,745.9144646008361,1.751366048919009,2.675452748456081,29.092056770725293,54.35027660267283,8fd3a92fce0300564cb4b74fe717caed4d32304dde1a85a189b6a5d6638d64bd
e5.8_f109,5.8,5.8,1,paramA,P6253Z1G06N24_P6253Z1G08N20,5.805535636425224,0.0389163651761688,,109,0.42293,101.925,1200,1200,0,,,,,,,,,,1.7404301533718147,692.0583274464825,692.0583274464825,2.0343696695320177,3934,321,2171,165,False,,,0,,,,,158.2,tier3,f_r,12.28581634656869,1.7404301533718147,1583.9161594911643,2.3201014725808378,0.0231490970753177,0,,,,,,,0,,,,,,,44,680.6308238434847,1.77947275902667,3.437874053882191,26.59743202324562,58.807166216533886,0dd27eb1e62def31c79a83583324489be7175876d27b9b372632ab8ce5389a54
e5.8_f113,5.8,5.8,1,paramA,P6253Z1G06N24_P6253Z1G08N20,5.805535636425224,0.0389163651761688,,113,0.42293,101.925,1200,1200,0,,,,,,,,,,1.8252314332978308,711.9913602778564,711.9913602778564,1.982599249353748,763,0,12,0,False,,,0,,,,,162.3,none,f_r,17.75686666437617,1.8252314332978308,1661.0775271901782,2.320133816010577,0.0234402794765531,0,,,,,,,0,,,,,,,0,,,,,,
e5.8_f117,5.8,5.8,1,paramA,P6253Z1G06N24_P6253Z1G08N20,5.805535636425224,0.0389163651761688,,117,0.42293,101.925,1200,1200,0,,,,,,,,,,1.8033658716057075,732.3352376886448,732.3352376886448,2.1372604994365307,3587,234,1374,22,False,,,0,,,,,180.4,none,f_r,16.34618526488436,1.8033658716057075,1692.4444711207957,2.2749001882679205,0.0202271276758593,0,,,,,,,0,,,,,,,0,,,,,,
e5.8_f121,5.8,5.8,1,paramA,P6253Z1G06N24_P6253Z1G08N20,5.805535636425224,0.0389163651761688,,121,0.42293,101.925,1200,1200,0,,,,,,,,,,1.7394616336982895,743.6380292599337,743.6380292599337,2.39112934927819,44292,63,1991,34,True,,,0,,,,,147.6,tier3,f_r,12.223331206341248,1.7394616336982895,1710.841639713752,2.219017126637704,0.0223291745911296,0,,,,,,,0,,,,,,,20,735.7996588894026,1.773289088903684,2.064671817082984,28.75329874060851,57.26896691311282,d13b0fbc3745bd663d9a1a783cbe50a50e292279ace18755b4c28f28ee80f5e6
e5.8_f125,5.8,5.8,1,paramA,P6253Z1G06N24_P6253Z1G08N20,5.805535636425224,0.0389163651761688,,125,0.42293,101.925,1200,1200,0,,,,,,,,,,1.6484949683175456,762.8776810569835,762.8776810569835,2.428270658828773,4052,322,1852,152,False,,,0,,,,,169.9,tier3,cbc_max,14.575387948434582,1.6484949683175456,1682.691050781099,2.184548737547493,0.0212552501221306,0,,,,,,,0,,,,,,,56,756.7165080610107,1.7812759832819898,1.7480695383995553,29.570679403506997,57.01226988996149,d3cae0a9e79a569044f71957f6ac65c291facbb05c72eb252ea23b23e4ba9dd2
e5.8_f129,5.8,5.8,1,paramA,P6253Z1G06N24_P6253Z1G08N20,5.805535636425224,0.0389163651761688,,129,0.42293,101.925,1200,1200,0,,,,,,,,,,1.768911774928549,764.6311823930092,764.6311823930092,2.1757084324955893,274,0,12,0,False,,,0,,,,,145.3,tier3,f_r,14.12334031797089,1.768911774928549,1703.6588727930368,2.25435283965043,0.0219220242884249,0,,,,,,,0,,,,,,,4,753.4587684442166,1.7892991909109763,2.087418036354863,29.443374695915555,55.00661474198177,f3f2b19dd3e364209408c1418294eea9e9e2903874d1afe610ed267f35a385eb
e5.9_f109,5.9,5.9,1,paramA,P6253Z1G08N20_P6257Z1G10N12,5.908702994861528,0.1671841053106701,,109,0.42323,101.998,1200,826,0,,,,,,,,,,1.8337985093264568,700.4360697435029,700.4360697435029,2.954878910279552,3934,324,2171,0,False,,,0,,,,,162.7,none,cbc_max,27.304828643968683,1.8337985093264568,2003.9951947583068,2.328627600938048,0.0172149211616278,0,,,,,,,0,,,,,,,0,,,,,,
e5.9_f113,5.9,5.9,1,paramA,P6253Z1G08N20_P6257Z1G10N12,5.908702994861528,0.1671841053106701,,113,0.42323,101.998,1200,1053,0,,,,,,,,,,1.8154055942017968,722.2125467515825,722.2125467515825,2.422314116941244,763,12,12,0,False,,,0,,,,,164.3,none,cbc_max,30.671060163240305,1.8154055942017968,2090.736962611845,2.327728675894587,0.0230093525115026,0,,,,,,,0,,,,,,,0,,,,,,
e5.9_f117,5.9,5.9,1,paramA,P6253Z1G08N20_P6257Z1G10N12,5.908702994861528,0.1671841053106701,,117,0.42323,101.998,1200,716,0,,,,,,,,,,1.7980594912719876,738.930354653474,738.930354653474,2.4808958332344018,3587,100,1374,0,False,,,0,,,,,198.7,tier3,cbc_max,32.51673727671298,1.7980594912719876,2120.267796427408,2.306261096229564,0.0215284998433743,0,,,,,,,0,,,,,,,1,723.7373085723591,1.7980594912719876,4.055709463822039,28.261766457531845,58.21440783132628,e4378c1afef7a959fb54027bdfda95dd1213e58619eb976a393ad7fe77c71095
e5.9_f121,5.9,5.9,1,paramA,P6253Z1G08N20_P6257Z1G10N12,5.908702994861528,0.1671841053106701,,121,0.42323,101.998,1200,749,0,,,,,,,,,,1.737605085648685,752.9388920003414,752.9388920003414,4.0542049320194655,44292,82,1991,0,True,,,0,,,,,162.5,tier3,cbc_max,33.23847029186196,1.737605085648685,2131.815524669791,2.267118266085961,0.0240337407480043,0,,,,,,,0,,,,,,,4,742.3095966251298,1.737605085648685,1.8146769850334508,28.987009803857045,57.734457543219406,5f5bfc1b1cb5d12d0ce55d9abd82b3f6aeaa0d54fd4bbb923a87422b859d97a4
e5.9_f125,5.9,5.9,1,paramA,P6253Z1G08N20_P6257Z1G10N12,5.908702994861528,0.1671841053106701,,125,0.42323,101.998,1200,799,0,,,,,,,,,,1.7523205512589746,769.3355967476372,769.3355967476372,3.0288288565257098,4052,392,1852,0,False,,,0,,,,,170.8,none,cbc_max,36.94587019649276,1.7523205512589746,2191.133923143884,2.313568302695443,0.0231982297909046,0,,,,,,,0,,,,,,,0,,,,,,
e5.9_f129,5.9,5.9,1,paramA,P6253Z1G08N20_P6257Z1G10N12,5.908702994861528,0.1671841053106701,,129,0.42323,101.998,1200,915,0,,,,,,,,,,1.7846808302916872,771.8113311254265,771.8113311254265,2.8593366289118984,274,9,12,0,False,,,0,,,,,192.5,none,cbc_max,36.54551821597962,1.7846808302916872,2184.728291455674,2.316636599271109,0.0250878122638399,0,,,,,,,0,,,,,,,0,,,,,,
e6.0_f109,6.0,6.0,1,paramA,P6257Z1G10N12_P6656Z2G08N12,6.025507875529617,0.0665891098390663,,109,0.42408,102.203,1200,1132,0,,,,,,,,,,1.7898238052710116,739.6019659334869,739.6019659334869,3.0891852710622247,3934,1,2171,0,False,,,0,,,,,176.3,none,cbc_max,40.39967074797297,1.7898238052710116,2246.394731967568,2.293167126400561,0.0231547628409461,0,,,,,,,0,,,,,,,0,,,,,,
e6.0_f113,6.0,6.0,1,paramA,P6257Z1G10N12_P6656Z2G08N12,6.025507875529617,0.0665891098390663,,113,0.42408,102.203,1200,1136,0,,,,,,,,,,1.7618212028111135,759.935530270287,759.935530270287,2.503237413791691,763,0,12,0,False,,,0,,,,,179.7,none,cbc_max,44.54194383519538,1.7618212028111135,2312.671101363126,2.29636999981716,0.0252358723347543,0,,,,,,,0,,,,,,,0,,,,,,
e6.0_f117,6.0,6.0,1,paramA,P6257Z1G10N12_P6656Z2G08N12,6.025507875529617,0.0665891098390663,,117,0.42408,102.203,1200,1136,0,,,,,,,,,,1.7167444738168367,779.5156936038304,779.5156936038304,2.28648267789588,3587,0,1374,0,False,,,0,,,,,177.7,none,cbc_max,47.64727160948172,1.7167444738168367,2362.3563457517075,2.2414251563402035,0.0259096095127337,0,,,,,,,0,,,,,,,0,,,,,,
e6.0_f121,6.0,6.0,1,paramA,P6257Z1G10N12_P6656Z2G08N12,6.025507875529617,0.0665891098390663,,121,0.42408,102.203,1200,1135,0,,,,,,,,,,1.686734724176829,796.232245451388,796.232245451388,2.076119005439387,44292,0,1991,0,True,,,0,,,,,167.5,none,cbc_max,50.82863081993343,1.686734724176829,2413.258093118935,2.241054004415062,0.0280973639270097,0,,,,,,,0,,,,,,,0,,,,,,
e6.0_f125,6.0,6.0,1,paramA,P6257Z1G10N12_P6656Z2G08N12,6.025507875529617,0.0665891098390663,,125,0.42408,102.203,1200,1138,0,,,,,,,,,,1.6835454794646645,806.6539300270803,806.6539300270803,2.4147782517770446,4052,0,1852,0,False,,,0,,,,,157.7,none,cbc_max,52.658379459356894,1.6835454794646645,2442.5340713497103,2.2377997601142696,0.0300819670759232,0,,,,,,,0,,,,,,,0,,,,,,
e6.0_f129,6.0,6.0,1,paramA,P6257Z1G10N12_P6656Z2G08N12,6.025507875529617,0.0665891098390663,,129,0.42408,102.203,1200,1129,0,,,,,,,,,,1.7040048702108082,814.9959998229546,814.9959998229546,2.943349791775092,274,0,12,0,False,,,0,,,,,161.2,none,cbc_max,54.79774607476882,1.7040048702108082,2476.763937196301,2.2615691111701057,0.028524801369605,0,,,,,,,0,,,,,,,0,,,,,,
e6.1_f109,6.1,6.1,1,paramA,P6656Z1G06N24_P6656Z2G08N12,6.097039053705588,0.0766377888950904,,109,0.42375,102.124,1200,1200,0,,,,,,,,,,1.931022595713615,736.5326280156671,736.5326280156671,2.220988247293174,3934,216,2171,0,False,,,0,,,,,158.0,none,cbc_max,26.662390161709304,1.931022595713615,1940.022966959936,2.461094196328204,0.0196391577083682,0,,,,,,,0,,,,,,,0,,,,,,
e6.1_f113,6.1,6.1,1,paramA,P6656Z1G06N24_P6656Z2G08N12,6.097039053705588,0.0766377888950904,,113,0.42375,102.124,1200,1189,0,,,,,,,,,,1.8759290312737744,756.166690916098,756.166690916098,3.83844316585638,763,0,12,0,False,,,0,,,,,162.6,none,cbc_max,27.026455700767983,1.8759290312737744,2032.423291212288,2.3950297481908094,0.0231484904542992,0,,,,,,,0,,,,,,,0,,,,,,
e6.1_f117,6.1,6.1,1,paramA,P6656Z1G06N24_P6656Z2G08N12,6.097039053705588,0.0766377888950904,,117,0.42375,102.124,1200,1179,0,,,,,,,,,,1.896840028668187,774.0864041039498,774.0864041039498,3.417376941353759,3587,87,1374,0,False,,,0,,,,,180.8,none,f_r,31.647176934521926,1.896840028668187,2053.2196479141544,2.455603836939356,0.0224477275478388,0,,,,,,,0,,,,,,,0,,,,,,
e6.1_f121,6.1,6.1,1,paramA,P6656Z1G06N24_P6656Z2G08N12,6.097039053705588,0.0766377888950904,,121,0.42375,102.124,1200,1177,0,,,,,,,,,,1.8465934181585844,789.9397709594059,789.9397709594059,3.1421491423878227,44292,41,1991,0,True,,,0,,,,,146.8,none,cbc_max,37.71962355286036,1.8465934181585844,2126.851626734473,2.4153791629647285,0.0247949342868321,0,,,,,,,0,,,,,,,0,,,,,,
e6.1_f125,6.1,6.1,1,paramA,P6656Z1G06N24_P6656Z2G08N12,6.097039053705588,0.0766377888950904,,125,0.42375,102.124,1200,1142,0,,,,,,,,,,1.8131902962515192,803.9466653949434,803.9466653949434,2.399563211644724,4052,153,1852,0,False,,,0,,,,,171.0,none,f_r,34.60519580061556,1.8131902962515192,2106.9524327940835,2.3661976731074046,0.0224283108447018,0,,,,,,,0,,,,,,,0,,,,,,
e6.1_f129,6.1,6.1,1,paramA,P6656Z1G06N24_P6656Z2G08N12,6.097039053705588,0.0766377888950904,,129,0.42375,102.124,1200,1193,0,,,,,,,,,,1.8033475279586049,816.1628470215687,816.1628470215687,3.599001042165603,274,0,12,0,False,,,0,,,,,144.3,none,cbc_max,31.421095843767,1.8033475279586049,2084.5737195306338,2.35322308266392,0.025587619249345,0,,,,,,,0,,,,,,,0,,,,,,
e6.2_f109,6.2,6.2,1,paramA,P6656Z1G08N20_P6661Z2G06N16,6.195690111147493,0.0296856608336923,,109,0.42355,102.075,1200,1200,0,,,,,,,,,,1.769538594225616,745.4428164022257,745.4428164022257,3.264481131734924,3934,717,2171,0,False,,,0,,,,,160.7,tier3,cbc_max,26.933333943757496,1.769538594225616,1989.1172558703104,2.236942764200373,0.0200557617516418,0,,,,,,,0,,,,,,,2,730.5518969276756,1.769538594225616,4.276589309325239,28.50631836689343,63.02773143505796,fa5ee466a9102396f2070997214b14a9e3e41ecd49459536a0414e61a12b67f7
e6.2_f113,6.2,6.2,1,paramA,P6656Z1G08N20_P6661Z2G06N16,6.195690111147493,0.0296856608336923,,113,0.42355,102.075,1200,1200,0,,,,,,,,,,1.8496327328088669,763.7414966017718,763.7414966017718,3.8801592893390793,763,0,12,0,False,,,0,,,,,163.0,none,cbc_max,31.558691375041548,1.8496327328088669,2104.9390620006648,2.3693961795033984,0.0245334996059226,0,,,,,,,0,,,,,,,0,,,,,,
e6.2_f117,6.2,6.2,1,paramA,P6656Z1G08N20_P6661Z2G06N16,6.195690111147493,0.0296856608336923,,117,0.42355,102.075,1200,1200,0,,,,,,,,,,1.7208044681559564,785.4674171726294,785.4674171726294,2.0585992407682805,3587,294,1374,0,False,,,0,,,,,198.4,none,cbc_max,34.72559816975427,1.7208044681559564,2155.6095707160684,2.3570577964948214,0.0209352160540231,0,,,,,,,0,,,,,,,0,,,,,,
e6.2_f121,6.2,6.2,1,paramA,P6656Z1G08N20_P6661Z2G06N16,6.195690111147493,0.0296856608336923,,121,0.42355,102.075,1200,1200,0,,,,,,,,,,1.8258866160458715,805.1043028577633,805.1043028577633,2.61095031979863,44292,122,1991,0,True,,,0,,,,,163.2,none,cbc_max,43.2320748244915,1.8258866160458715,2291.713197191864,2.247118396065072,0.0271060128172092,0,,,,,,,0,,,,,,,0,,,,,,
e6.2_f125,6.2,6.2,1,paramA,P6656Z1G08N20_P6661Z2G06N16,6.195690111147493,0.0296856608336923,,125,0.42355,102.075,1200,1200,0,,,,,,,,,,1.698981266066807,820.6578961523848,820.6578961523848,3.3838830221917338,4052,544,1852,0,False,,,0,,,,,169.2,none,cbc_max,43.89139519123149,1.698981266066807,2302.011093161956,2.2165849585814006,0.0251123123843882,0,,,,,,,0,,,,,,,0,,,,,,
e6.2_f129,6.2,6.2,1,paramA,P6656Z1G08N20_P6661Z2G06N16,6.195690111147493,0.0296856608336923,,129,0.42355,102.075,1200,1200,0,,,,,,,,,,1.8297006620423677,831.2600149799794,831.2600149799794,3.309458836928269,274,0,12,0,False,,,0,,,,,184.7,none,cbc_max,41.912868111111344,1.8297006620423677,2270.6058897777816,2.369158149748768,0.02715759397665,0,,,,,,,0,,,,,,,0,,,,,,
e6.3_f109,6.3,6.3,1,paramA,P6661Z1G06N16_P6661Z1G08N20,6.303543403452695,0.03397082562691,,109,0.42339,102.036,1200,1200,0,,,,,,,,,,1.8998163265101369,750.9478540340401,750.9478540340401,3.857640693178703,3934,541,2171,0,False,,,0,,,,,180.3,none,cbc_max,32.52881699899319,1.8998163265101369,2120.461071983891,2.2699290614702567,0.0225433252724375,0,,,,,,,0,,,,,,,0,,,,,,
e6.3_f113,6.3,6.3,1,paramA,P6661Z1G06N16_P6661Z1G08N20,6.303543403452695,0.03397082562691,,113,0.42339,102.036,1200,1200,0,,,,,,,,,,1.8607212716645003,772.8002455246225,772.8002455246225,2.9811578619521475,763,0,12,0,False,,,0,,,,,182.5,none,cbc_max,34.38934798103035,1.8607212716645003,2150.229567696485,2.394682092299273,0.0218257988996683,0,,,,,,,0,,,,,,,0,,,,,,
e6.3_f117,6.3,6.3,1,paramA,P6661Z1G06N16_P6661Z1G08N20,6.303543403452695,0.03397082562691,,117,0.42339,102.036,1200,1200,0,,,,,,,,,,1.7045755878194992,796.4959351573896,796.4959351573896,2.983513165446393,3587,540,1374,0,False,,,0,,,,,178.7,none,cbc_max,40.391337686990106,1.7045755878194992,2246.261402991842,2.2292763091251127,0.0232411736526755,0,,,,,,,0,,,,,,,0,,,,,,
e6.3_f121,6.3,6.3,1,paramA,P6661Z1G06N16_P6661Z1G08N20,6.303543403452695,0.03397082562691,,121,0.42339,102.036,1200,1200,0,,,,,,,,,,1.7437130748210896,812.288851509495,812.288851509495,3.0329976883512835,44292,150,1991,0,True,,,0,,,,,168.2,none,cbc_max,46.15162731616385,1.7437130748210896,2338.4260370586217,2.247289725578073,0.027534306940625,0,,,,,,,0,,,,,,,0,,,,,,
e6.3_f125,6.3,6.3,1,paramA,P6661Z1G06N16_P6661Z1G08N20,6.303543403452695,0.03397082562691,,125,0.42339,102.036,1200,1200,0,,,,,,,,,,1.8297869286056387,824.1878564644628,824.1878564644628,4.060185610988979,4052,379,1852,0,False,,,0,,,,,155.0,none,cbc_max,41.72094274537413,1.8297869286056387,2267.535083925986,2.35999468092765,0.0272689904520254,0,,,,,,,0,,,,,,,0,,,,,,
e6.3_f129,6.3,6.3,1,paramA,P6661Z1G06N16_P6661Z1G08N20,6.303543403452695,0.03397082562691,,129,0.42339,102.036,1200,1200,0,,,,,,,,,,1.821327941690324,834.0540723314095,834.0540723314095,2.107948476110036,274,0,12,0,False,,,0,,,,,160.1,none,cbc_max,48.795905668747366,1.821327941690324,2380.734490699958,2.3654059943207573,0.028400785841,0,,,,,,,0,,,,,,,0,,,,,,
e6.4_f109,6.4,"6.4,6.5",2,paramA,P6661Z1G06N12_P6661Z1G10N12,6.364485309963365,0.0042988948244051,,109,0.42431,102.259,1200,1200,0,,,,,,,,,,1.9373528146245484,791.0446125107723,791.0446125107723,3.156082989469032,3934,338,2171,0,False,,,0,,,,,156.3,none,cbc_max,53.06378721354241,1.9373528146245484,2449.0205954166786,2.4809545425428285,0.0243572038971592,0,,,,,,,0,,,,,,,0,,,,,,
e6.4_f113,6.4,"6.4,6.5",2,paramA,P6661Z1G06N12_P6661Z1G10N12,6.364485309963365,0.0042988948244051,,113,0.42431,102.259,1200,1200,0,,,,,,,,,,1.850862425183043,812.5311321633967,812.5311321633967,2.3861341944469747,763,0,12,0,False,,,0,,,,,158.5,none,cbc_max,56.98242787698575,1.850862425183043,2511.718846031772,2.4036649026892745,0.0264815132576193,0,,,,,,,0,,,,,,,0,,,,,,
e6.4_f117,6.4,"6.4,6.5",2,paramA,P6661Z1G06N12_P6661Z1G10N12,6.364485309963365,0.0042988948244051,,117,0.42431,102.259,1200,1200,0,,,,,,,,,,1.834536044460108,835.4348652940946,835.4348652940946,2.2455274849848217,3587,347,1374,0,False,,,0,,,,,177.1,none,cbc_max,62.22894337186025,1.834536044460108,2595.663093949764,2.401344195746125,0.0298662292661538,0,,,,,,,0,,,,,,,0,,,,,,
e6.4_f121,6.4,"6.4,6.5",2,paramA,P6661Z1G06N12_P6661Z1G10N12,6.364485309963365,0.0042988948244051,,121,0.42431,102.259,1200,1200,0,,,,,,,,,,1.8176876552233556,849.7589582308251,849.7589582308251,2.5622834827838457,44292,94,1991,0,True,,,0,,,,,144.8,none,cbc_max,66.4789402003316,1.8176876552233556,2663.6630432053057,2.4038075256658225,0.0338709490918115,0,,,,,,,0,,,,,,,0,,,,,,
e6.4_f125,6.4,"6.4,6.5",2,paramA,P6661Z1G06N12_P6661Z1G10N12,6.364485309963365,0.0042988948244051,,125,0.42431,102.259,1200,1200,0,,,,,,,,,,1.799549859237784,863.1049822313895,863.1049822313895,3.3794136824702017,4052,252,1852,0,False,,,0,,,,,172.4,none,cbc_max,68.22751747290758,1.799549859237784,2691.6402795665213,2.379067742888099,0.033604252158735,0,,,,,,,0,,,,,,,0,,,,,,
e6.4_f129,6.4,"6.4,6.5",2,paramA,P6661Z1G06N12_P6661Z1G10N12,6.364485309963365,0.0042988948244051,,129,0.42431,102.259,1200,1200,0,,,,,,,,,,1.8218835078104725,871.7484808999743,871.7484808999743,1.916120221179644,274,0,12,0,False,,,0,,,,,147.8,none,cbc_max,71.64193624751091,1.8218835078104725,2746.270979960175,2.4016598480533817,0.0300115759400534,0,,,,,,,0,,,,,,,0,,,,,,
